timestamp,person,position,track_id
2023-11-20 12:57:52,Avi,right,66Q3fAmSX5eHamgbKa9alP
2023-11-20 13:00:34,Avi,right,4LKSaRoKNnlpKXTT663BrT
2023-11-20 13:02:40,Avi,right,0qbP1p2jMDkCKXIanfmYtI
2023-11-20 13:05:33,Avi,right,2mT9JUsS0TTYWLUx0Vvq92
2023-11-20 13:07:44,Avi,right,2gAGWaK4wvt2xrFUlR4mK8
2023-11-20 13:09:48,Avi,right,26NyJM0Y3eXi4h07V7zQCC
2023-11-20 13:12:44,Sarthak,left,4mL25h2hl6gdyu9tNTudnI
2023-11-20 13:15:26,Sarthak,left,5GO4rpfnM2lghVqEulTJUf
2023-11-20 13:17:47,Sarthak,left,1aTZLg2n88hMFMKJXQveig
2023-11-20 13:19:53,Sarthak,left,37y7iDayfwm3WXn5BiAoRk
2023-11-20 13:22:45,Sarthak,left,3GZD6HmiNUhxXYf8Gch723
2023-11-20 14:07:19,Avi,left,2dOFYqJnQXlllhzzIbQtUP
2023-11-20 14:09:42,Avi,left,6olUplztLFFfU7fMYmFXOP
2023-11-20 14:12:13,Avi,left,1h3qLl1QJfXlRppxMIcnfn
2023-11-20 14:14:18,Avi,left,0GEYcEQvjY0lOVeALByDbu
2023-11-20 14:17:09,Avi,left,5EYi2rH4LYs6M21ZLOyQTx
2023-11-20 14:19:18,Avi,left,2gAGWaK4wvt2xrFUlR4mK8
2023-11-20 14:21:53,Avi,left,1TweDM3JC49LNeelLVg3yX
2023-11-20 14:24:23,Avi,left,1Ke6bqdvdGJF1ftvuO8qtP
2023-11-20 14:26:57,Avi,left,4LKSaRoKNnlpKXTT663BrT
2023-11-20 14:29:19,Avi,left,4rAg5bbrdZX00mXXhLvYXj
2023-11-20 14:31:38,Avi,left,4QhWbupniDd44EDtnh2bFJ
2023-11-20 14:34:19,Avi,left,53y0PxHoy72RaSPkehY4zb
2023-11-20 14:36:57,Avi,left,0R0zZnqPg7yOWb4PRmW8nC
2023-11-20 14:39:50,Avi,left,0GEYcEQvjY0lOVeALByDbu
2023-11-20 14:42:48,Avi,left,0msrDPXxZpts4FRnoX0bFr
2023-11-20 14:44:59,Avi,left,2dOFYqJnQXlllhzzIbQtUP
2023-11-20 14:47:03,Avi,left,75KFRFmcuGFkWlP0QAwFvq
2023-11-20 14:49:19,Avi,left,0Y7crWWzWhHSN48eOdmXEZ
2023-11-20 14:51:34,Avi,left,0qbP1p2jMDkCKXIanfmYtI
2023-11-20 14:54:03,Avi,left,6xNkEcbvpPcdSOFKFXNpFL
2023-11-20 14:56:30,Avi,left,7yNf9YjeO5JXUE3JEBgnYc
2023-11-20 14:58:40,Avi,left,13YyYNBofurxZCNYiFDibB
2023-11-20 15:56:27,Avi,left,6olUplztLFFfU7fMYmFXOP
2023-11-20 15:58:43,Both,left,4JNTpbntShpUpACDUzwHV5
2023-11-20 16:32:03,Both,left,37y7iDayfwm3WXn5BiAoRk
2023-11-20 16:34:16,Both,left,6K4t31amVTZDgR3sKmwUJJ
2023-11-20 16:36:48,Both,left,0uG0JpNmXY6ldOUKUa6kq1
2023-11-20 16:39:46,Sarthak,left,0Ep9wqVQKcWCiI0PzbbLog
2023-11-20 16:42:24,Sarthak,left,5JRMqkR82k2fdDEAim9SCN
2023-11-20 16:44:58,Sarthak,left,13YyYNBofurxZCNYiFDibB
2023-11-20 16:47:33,Sarthak,left,26NyJM0Y3eXi4h07V7zQCC
2023-11-20 16:50:32,Sarthak,left,0Y7crWWzWhHSN48eOdmXEZ
2023-11-20 16:52:56,Sarthak,left,78dswNVxn2Sgr7rIyuoNwa
2023-11-20 16:55:20,Sarthak,left,0KyAGiNGUytG5JLxJu4F6l
2023-11-20 16:58:13,Sarthak,left,3w3y8KPTfNeOKPiqUTakBh
2023-11-20 17:01:10,Sarthak,left,2Uvy6SkNqxvnH1W68dymxG
2023-11-20 17:03:46,Sarthak,left,5QvBXUm5MglLJ3iBfTX2Wo
2023-11-20 17:06:37,Sarthak,left,3ZCTVFBt2Brf31RLEnCkWJ
2023-11-20 17:08:55,Both,right,2ZWlPOoWh0626oTaHrnl2a
2023-11-20 17:10:57,Both,right,4Ozmbn4LIW5WVZhhHuk1Gp
2023-11-20 17:13:47,Both,right,1BViPjTT585XAhkUUrkts0
2023-11-20 18:06:22,Sarthak,right,4QIo4oxwzzafcBWkKjDpXY
2023-11-20 18:09:07,Sarthak,right,1B04mWViAk7jcLEifYbvdi
2023-11-20 18:11:53,Sarthak,right,4QIo4oxwzzafcBWkKjDpXY
2023-11-20 18:14:14,Sarthak,right,43zdsphuZLzwA9k4DJhU0I
2023-11-20 18:16:21,Sarthak,right,5H4PU7wBIXL259apGjSpOr
2023-11-20 18:19:10,Sarthak,right,4QIo4oxwzzafcBWkKjDpXY
2023-11-20 18:21:18,Sarthak,right,3s7MCdXyWmwjdcWh7GWXas
2023-11-20 18:24:14,Sarthak,right,3s7MCdXyWmwjdcWh7GWXas
2023-11-20 18:26:27,Sarthak,left,4QIo4oxwzzafcBWkKjDpXY
2023-11-20 18:29:15,Sarthak,left,19YKaevk2bce4odJkP5L22
2023-11-20 18:31:41,Sarthak,left,2Uvy6SkNqxvnH1W68dymxG
2023-11-20 18:33:47,Sarthak,left,19YKaevk2bce4odJkP5L22
2023-11-20 18:36:36,Sarthak,left,5QvBXUm5MglLJ3iBfTX2Wo
2023-11-20 18:39:28,Sarthak,left,4UKCKdYiLN6IMA5ZESUTL7
2023-11-20 18:42:14,Sarthak,left,7aSyG7cskkG3zhfO2JLxq3
2023-11-20 18:44:32,Sarthak,left,1BViPjTT585XAhkUUrkts0
2023-11-20 18:47:07,Sarthak,left,5GUYJTQap5F3RDQiCOJhrS
2023-11-20 18:49:15,Sarthak,left,1BViPjTT585XAhkUUrkts0
2023-11-20 18:51:17,Sarthak,left,5GUYJTQap5F3RDQiCOJhrS
2023-11-20 18:53:59,Sarthak,left,5QvBXUm5MglLJ3iBfTX2Wo
2023-11-20 18:56:14,Sarthak,left,7LmkhaMCqsjppaYtAYhMaI
2023-11-20 18:59:11,Sarthak,left,3ijXR4yXgN43eF54uK7oos
2023-11-20 19:01:48,Sarthak,left,4xR3MAscflQ262kMeiKshQ
2023-11-20 19:04:19,Sarthak,left,1B04mWViAk7jcLEifYbvdi
2023-11-20 19:06:46,Sarthak,left,3ijXR4yXgN43eF54uK7oos
2023-11-20 19:08:55,Sarthak,left,5QvBXUm5MglLJ3iBfTX2Wo
2023-11-20 19:11:12,Sarthak,left,7m9OqQk4RVRkw9JJdeAw96
2023-11-20 19:13:14,Sarthak,left,3Fj47GNK2kUF0uaEDgXLaD
2023-11-20 19:15:23,Sarthak,left,16umSNZfofRpDqTvf8DIAo
2023-11-20 20:10:11,Both,right,35xSkNIXi504fcEwz9USRB
2023-11-20 20:12:51,Both,right,12dtBMOafWqGvjJhKxAJ7q
2023-11-20 20:15:18,Both,right,7KZ5MMVgBVox9ycroB2UrI
2023-11-20 20:17:26,Both,right,7LmkhaMCqsjppaYtAYhMaI
2023-11-20 20:20:05,Both,right,0f0gfm6wHjhqrBMHBn9Ajr
2023-11-20 20:22:55,Both,right,3s7MCdXyWmwjdcWh7GWXas
2023-11-20 20:25:03,Both,right,3ijXR4yXgN43eF54uK7oos
2023-11-20 20:27:21,Both,right,2Uvy6SkNqxvnH1W68dymxG
2023-11-20 20:30:01,Both,right,5QvBXUm5MglLJ3iBfTX2Wo
2023-11-20 20:32:05,Both,right,3ZCTVFBt2Brf31RLEnCkWJ
2023-11-20 20:34:40,Both,right,40GRJBeHKroMtWwGX9EFyQ
2023-11-20 20:37:17,Both,right,7aSyG7cskkG3zhfO2JLxq3
2023-11-20 20:39:56,Both,right,0yhxBvedRdGxsPZHJNI4VA
2023-11-20 20:42:13,Both,right,4xR3MAscflQ262kMeiKshQ
2023-11-20 20:44:59,Both,right,3ZCTVFBt2Brf31RLEnCkWJ
2023-11-20 20:47:33,Both,right,1BViPjTT585XAhkUUrkts0
2023-11-20 20:50:20,Both,right,73D5hBkiVZkopZrmBZTBWf
2023-11-20 20:52:40,Both,right,3ZCTVFBt2Brf31RLEnCkWJ
2023-11-20 20:55:00,Both,right,3ijXR4yXgN43eF54uK7oos
2023-11-20 20:57:00,Both,right,7KZ5MMVgBVox9ycroB2UrI
2023-11-20 20:59:36,Both,right,34xTFwjPQ1dC6uJmleno7x
2023-11-20 21:02:07,Both,right,0f0gfm6wHjhqrBMHBn9Ajr
2023-11-20 21:04:21,Both,right,4YwNf1fLZt9IQhJeHNWfBi
2023-11-20 21:06:49,Both,right,34xTFwjPQ1dC6uJmleno7x
2023-11-20 21:09:27,Both,right,0j35X8cTq543QDYLOyqB8W
2023-11-20 21:11:50,Both,right,1BViPjTT585XAhkUUrkts0
2023-11-20 21:14:15,Both,right,34xTFwjPQ1dC6uJmleno7x
2023-11-20 21:17:03,Both,right,3s7MCdXyWmwjdcWh7GWXas
2023-11-20 21:19:51,Both,right,3ijXR4yXgN43eF54uK7oos
2023-11-20 21:21:53,Both,right,2rXVtoLBHuXcNB5DVfIc9p
2023-11-20 21:24:37,Both,right,3PbV3ocgAp3Xn0omGFC0cG
2023-11-20 21:26:48,Both,right,3s7MCdXyWmwjdcWh7GWXas
2023-11-20 21:29:43,Both,right,4QIo4oxwzzafcBWkKjDpXY
2023-11-20 21:32:00,Both,right,16qYlQ6koFxYVbiJbGHblz
2023-11-20 21:34:20,Both,right,0f0gfm6wHjhqrBMHBn9Ajr
2023-11-20 21:36:55,Both,right,0yhxBvedRdGxsPZHJNI4VA
2023-11-20 21:38:57,Both,right,34xTFwjPQ1dC6uJmleno7x
2023-11-20 21:41:01,Both,right,1FBuBhNZ8dmjUBWR58UOQv
2023-11-20 21:43:06,Both,right,0yhxBvedRdGxsPZHJNI4VA
2023-11-20 21:45:15,Both,right,5GUYJTQap5F3RDQiCOJhrS
2023-11-20 21:48:12,Both,right,4YwNf1fLZt9IQhJeHNWfBi
2023-11-20 21:51:11,Both,right,0yhxBvedRdGxsPZHJNI4VA
2023-11-20 21:53:44,Both,right,2JUqYobT8NvARdPmc4ES2x
2023-11-20 21:55:57,Both,right,01z2fBGB8Hl3Jd3zXe4IXR
2023-11-20 21:58:56,Both,right,3ZCTVFBt2Brf31RLEnCkWJ
2023-11-20 22:01:07,Both,right,78TTtXnFQPzwqlbtbwqN0y
2023-11-20 22:03:26,Both,right,4xR3MAscflQ262kMeiKshQ
2023-11-20 22:05:57,Both,right,7fTEiF3rNCc8TDagCAXjhd
2023-11-20 22:08:23,Both,right,0fl8Tsy98InF9qnM6vrZ60
2023-11-20 22:10:27,Both,right,5GUYJTQap5F3RDQiCOJhrS
2023-11-20 22:13:19,Both,right,7m9OqQk4RVRkw9JJdeAw96
2023-11-20 22:15:35,Both,right,43zdsphuZLzwA9k4DJhU0I
2023-11-20 22:17:52,Both,right,2LMkwUfqC6S6s6qDVlEuzV
2023-11-20 22:20:19,Both,right,43zdsphuZLzwA9k4DJhU0I
2023-11-20 22:22:21,Both,right,2rXVtoLBHuXcNB5DVfIc9p
2023-11-20 22:25:20,Both,right,2rXVtoLBHuXcNB5DVfIc9p
2023-11-20 22:28:10,Both,right,4YwNf1fLZt9IQhJeHNWfBi
2023-11-20 22:31:08,Both,right,5GUYJTQap5F3RDQiCOJhrS
2023-11-20 23:20:49,Both,right,16qYlQ6koFxYVbiJbGHblz
2023-11-20 23:23:39,Both,right,4Ozmbn4LIW5WVZhhHuk1Gp
2023-11-20 23:26:12,Both,right,3ijXR4yXgN43eF54uK7oos
2023-11-20 23:29:06,Both,right,2ZWlPOoWh0626oTaHrnl2a
2023-11-20 23:31:06,Both,right,4Ozmbn4LIW5WVZhhHuk1Gp
2023-11-21 00:04:02,Both,right,1FBuBhNZ8dmjUBWR58UOQv
2023-11-21 00:06:28,Both,right,7KZ5MMVgBVox9ycroB2UrI
2023-11-21 00:09:17,Both,right,1FBuBhNZ8dmjUBWR58UOQv
2023-11-21 00:11:22,Both,right,2LMkwUfqC6S6s6qDVlEuzV
2023-11-21 00:14:03,Both,right,43zdsphuZLzwA9k4DJhU0I
2023-11-21 00:16:29,Both,right,7aSyG7cskkG3zhfO2JLxq3
2023-11-21 00:18:29,Both,right,3s7MCdXyWmwjdcWh7GWXas
2023-11-21 00:20:39,Avi,right,1DWZUa5Mzf2BwzpHtgbHPY
2023-11-21 00:23:33,Avi,right,2JUqYobT8NvARdPmc4ES2x
2023-11-21 00:25:43,Avi,right,35xSkNIXi504fcEwz9USRB
2023-11-21 00:28:01,Avi,right,4QIo4oxwzzafcBWkKjDpXY
2023-11-21 00:30:11,Avi,right,19YKaevk2bce4odJkP5L22
2023-11-21 00:32:17,Avi,right,16umSNZfofRpDqTvf8DIAo
2023-11-21 00:34:18,Avi,right,5H4PU7wBIXL259apGjSpOr
2023-11-21 00:37:07,Avi,right,0yhxBvedRdGxsPZHJNI4VA
2023-11-21 00:39:53,Avi,right,2LMkwUfqC6S6s6qDVlEuzV
2023-11-21 00:42:00,Avi,right,5H4PU7wBIXL259apGjSpOr
2023-11-21 00:44:10,Avi,right,12dtBMOafWqGvjJhKxAJ7q
2023-11-21 00:46:36,Avi,right,73D5hBkiVZkopZrmBZTBWf
2023-11-21 00:49:31,Avi,right,4xR3MAscflQ262kMeiKshQ
2023-11-21 00:51:39,Avi,right,5H4PU7wBIXL259apGjSpOr
2023-11-21 00:54:02,Avi,right,3s7MCdXyWmwjdcWh7GWXas
2023-11-21 00:56:25,Avi,right,3Fj47GNK2kUF0uaEDgXLaD
2023-11-21 00:58:40,Avi,right,0fl8Tsy98InF9qnM6vrZ60
2023-11-21 09:43:41,Avi,right,0M3HkE321xpCbCYqVKzr1q
2023-11-21 09:45:49,Avi,right,3QGsuHI8jO1Rx4JWLUh9jd
2023-11-21 09:48:31,Avi,right,6s24LFkjo06wYVpxJppovm
2023-11-21 09:51:01,Avi,right,53y0PxHoy72RaSPkehY4zb
2023-11-21 09:54:00,Avi,right,7B3z0ySL9Rr0XvZEAjWZzM
2023-11-21 09:56:25,Sarthak,left,75KFRFmcuGFkWlP0QAwFvq
2023-11-21 09:59:09,Sarthak,left,4rAg5bbrdZX00mXXhLvYXj
2023-11-21 10:01:49,Sarthak,left,1TweDM3JC49LNeelLVg3yX
2023-11-21 10:04:00,Sarthak,left,3GZD6HmiNUhxXYf8Gch723
2023-11-21 10:06:01,Sarthak,left,6olUplztLFFfU7fMYmFXOP
2023-11-21 10:08:35,Sarthak,left,1au2UduxcvHfa0fZS3Szci
2023-11-21 10:10:47,Sarthak,left,17sPXQa8bT24ToCYHXuQXI
2023-11-21 10:13:00,Sarthak,left,6R837L5prXTflEAD2GI6vX
2023-11-21 10:15:43,Sarthak,left,7yNf9YjeO5JXUE3JEBgnYc
2023-11-21 10:18:15,Sarthak,left,0M3HkE321xpCbCYqVKzr1q
2023-11-21 10:20:54,Sarthak,left,4qYLPta5HZ36idWiXtqh7B
2023-11-21 10:23:14,Both,both,0R0zZnqPg7yOWb4PRmW8nC
2023-11-21 10:25:46,Both,both,17sPXQa8bT24ToCYHXuQXI
2023-11-21 10:28:27,Both,both,3HgA5R5alihocnOYE9ihpS
2023-11-21 10:30:49,Both,both,66Q3fAmSX5eHamgbKa9alP
2023-11-21 10:33:34,Both,both,2dOFYqJnQXlllhzzIbQtUP
2023-11-21 10:35:55,Both,both,0GEYcEQvjY0lOVeALByDbu
2023-11-21 11:27:30,Both,both,3w3y8KPTfNeOKPiqUTakBh
2023-11-21 12:00:08,Both,both,47Slg6LuqLaX0VodpSCvPt
2023-11-21 12:55:21,Both,both,6ie2Bw3xLj2JcGowOlcMhb
2023-11-21 12:57:30,Both,both,6VrLYoQKdhu1Jruei06t65
2023-11-21 13:00:22,Both,both,2PLOCIYlFr8XxNsz0Lgs4l
2023-11-21 13:02:26,Both,both,7B3z0ySL9Rr0XvZEAjWZzM
2023-11-21 13:05:01,Both,both,0KyAGiNGUytG5JLxJu4F6l
2023-11-21 13:07:21,Both,both,4rAg5bbrdZX00mXXhLvYXj
2023-11-21 13:10:17,Both,both,7IdFdRlCjUi6kkhbPoRfnw
2023-11-21 13:12:33,Both,both,13YyYNBofurxZCNYiFDibB
2023-11-21 13:15:21,Both,both,6ie2Bw3xLj2JcGowOlcMhb
2023-11-21 13:18:03,Both,both,4iJyoBOLtHqaGxP12qzhQI
2023-11-21 13:20:41,Both,both,4iJyoBOLtHqaGxP12qzhQI
2023-11-21 13:23:25,Both,both,0gR8HJmT457poShbgYXmV8
2023-11-21 13:25:49,Both,both,1OCre7xil1ym1eXXC4rEM6
2023-11-21 13:28:21,Both,both,03ZkvqZOANKndGXfAAPywG
2023-11-21 13:31:08,Both,both,0R0zZnqPg7yOWb4PRmW8nC
2023-11-21 13:33:17,Both,both,0GEYcEQvjY0lOVeALByDbu
2023-11-21 13:35:21,Both,both,6VKNW0svDbddkdNDGAE0NY
2023-11-21 13:37:26,Both,both,7IdFdRlCjUi6kkhbPoRfnw
2023-11-21 13:40:14,Both,both,78dswNVxn2Sgr7rIyuoNwa
2023-11-21 13:42:26,Both,both,4h6rLRQt8ARN8xA6ZLnpiw
2023-11-21 13:44:43,Both,both,0Y7crWWzWhHSN48eOdmXEZ
2023-11-21 13:47:37,Both,both,7bfHR7MgW9oAK4ZagZfViv
2023-11-21 13:50:06,Both,both,26NyJM0Y3eXi4h07V7zQCC
2023-11-21 13:52:11,Both,both,3QGsuHI8jO1Rx4JWLUh9jd
2023-11-21 13:54:43,Both,both,7B3z0ySL9Rr0XvZEAjWZzM
2023-11-21 13:57:40,Both,both,1zi7xx7UVEFkmKfv06H8x0
2023-11-21 14:00:39,Both,both,1Ke6bqdvdGJF1ftvuO8qtP
2023-11-21 14:02:55,Both,both,1TweDM3JC49LNeelLVg3yX
2023-11-21 14:05:03,Both,both,29Hn3L56DQ6y7W249oVxqd
2023-11-21 14:40:05,Both,both,0M3HkE321xpCbCYqVKzr1q
2023-11-21 14:42:20,Both,both,1au2UduxcvHfa0fZS3Szci
2023-11-21 14:44:34,Both,both,2PLOCIYlFr8XxNsz0Lgs4l
2023-11-21 14:46:41,Both,both,6olUplztLFFfU7fMYmFXOP
2023-11-21 14:49:22,Both,both,5JRMqkR82k2fdDEAim9SCN
2023-11-21 14:51:34,Both,both,5JRMqkR82k2fdDEAim9SCN
2023-11-21 14:54:08,Both,both,0zLClc0emc6qUeV1p5nc99
2023-11-21 14:56:39,Both,both,75KFRFmcuGFkWlP0QAwFvq
2023-11-21 14:59:21,Both,both,7B3z0ySL9Rr0XvZEAjWZzM
2023-11-21 15:01:25,Both,both,0pmTeBCjn4gRbg8HmQzxXr
2023-11-21 15:03:55,Both,both,0Ep9wqVQKcWCiI0PzbbLog
2023-11-21 15:06:21,Both,both,4mL25h2hl6gdyu9tNTudnI
2023-11-21 15:08:35,Both,left,0uG0JpNmXY6ldOUKUa6kq1
2023-11-21 15:10:45,Both,left,0gR8HJmT457poShbgYXmV8
2023-11-21 15:13:26,Both,left,0Ep9wqVQKcWCiI0PzbbLog
2023-11-21 15:15:47,Both,left,0pmTeBCjn4gRbg8HmQzxXr
2023-11-21 15:18:06,Both,left,0uG0JpNmXY6ldOUKUa6kq1
2023-11-21 15:20:20,Both,left,1aTZLg2n88hMFMKJXQveig
2023-11-21 15:22:35,Both,left,1TweDM3JC49LNeelLVg3yX
2023-11-21 15:24:54,Both,left,3OHfY25tqY28d16oZczHc8
2023-11-21 15:27:19,Both,left,1Ke6bqdvdGJF1ftvuO8qtP
2023-11-21 15:29:41,Both,left,6VKNW0svDbddkdNDGAE0NY
2023-11-21 15:32:31,Both,left,26NyJM0Y3eXi4h07V7zQCC
2023-11-21 15:35:01,Both,left,6R837L5prXTflEAD2GI6vX
2023-11-21 15:37:04,Both,left,6s24LFkjo06wYVpxJppovm
2023-11-21 15:39:54,Both,left,3UTjMW0VGksZ4kFHlfa3m6
2023-11-21 15:42:50,Both,left,7ytR5pFWmSjzHJIeQkgog4
2023-11-21 15:45:09,Both,left,5EYi2rH4LYs6M21ZLOyQTx
2023-11-21 15:47:51,Both,left,6ie2Bw3xLj2JcGowOlcMhb
2023-11-21 16:18:49,Both,left,26NyJM0Y3eXi4h07V7zQCC
2023-11-21 16:21:26,Both,left,3GZD6HmiNUhxXYf8Gch723
2023-11-21 16:23:59,Both,left,15NQ3x1f2GUhqs8oBXhTqp
2023-11-21 16:26:06,Both,left,6ie2Bw3xLj2JcGowOlcMhb
2023-11-21 16:28:26,Both,left,1au2UduxcvHfa0fZS3Szci
2023-11-21 17:24:05,Both,left,2rXVtoLBHuXcNB5DVfIc9p
2023-11-21 17:26:30,Both,left,0tMSssfxAL2oV8Vri0mFHE
2023-11-21 17:29:21,Both,left,3Fj47GNK2kUF0uaEDgXLaD
2023-11-21 17:31:22,Both,left,4SSnFejRGlZikf02HLewEF
2023-11-21 17:33:58,Both,left,3Fj47GNK2kUF0uaEDgXLaD
2023-11-21 17:36:31,Both,left,4SSnFejRGlZikf02HLewEF
2023-11-21 17:38:47,Both,left,1BViPjTT585XAhkUUrkts0
2023-11-21 17:41:38,Both,left,1BViPjTT585XAhkUUrkts0
2023-11-21 17:43:47,Both,left,35xSkNIXi504fcEwz9USRB
2023-11-21 17:46:07,Both,left,3PbV3ocgAp3Xn0omGFC0cG
2023-11-21 17:48:55,Both,left,0yhxBvedRdGxsPZHJNI4VA
2023-11-21 17:51:49,Both,left,4QIo4oxwzzafcBWkKjDpXY
2023-11-21 17:54:08,Both,left,0tMSssfxAL2oV8Vri0mFHE
2023-11-21 17:56:56,Both,left,7LmkhaMCqsjppaYtAYhMaI
2023-11-21 17:58:57,Both,left,3ZCTVFBt2Brf31RLEnCkWJ
2023-11-21 18:01:40,Both,left,35xSkNIXi504fcEwz9USRB
2023-11-21 18:04:01,Both,left,0tMSssfxAL2oV8Vri0mFHE
2023-11-21 18:06:27,Both,left,16umSNZfofRpDqTvf8DIAo
2023-11-21 18:09:16,Both,left,34xTFwjPQ1dC6uJmleno7x
2023-11-21 18:11:31,Both,left,12dtBMOafWqGvjJhKxAJ7q
2023-11-21 18:13:38,Both,left,4Ozmbn4LIW5WVZhhHuk1Gp
2023-11-21 18:15:48,Both,left,7KZ5MMVgBVox9ycroB2UrI
2023-11-21 18:18:48,Both,left,12dtBMOafWqGvjJhKxAJ7q
2023-11-21 18:20:58,Both,left,34xTFwjPQ1dC6uJmleno7x
2023-11-21 18:22:59,Both,left,1DWZUa5Mzf2BwzpHtgbHPY
2023-11-21 18:25:20,Both,left,5H4PU7wBIXL259apGjSpOr
2023-11-21 18:27:38,Both,left,73D5hBkiVZkopZrmBZTBWf
2023-11-21 18:30:25,Both,left,4Ozmbn4LIW5WVZhhHuk1Gp
2023-11-21 18:32:32,Both,left,40GRJBeHKroMtWwGX9EFyQ
2023-11-21 18:34:51,Both,left,4Ozmbn4LIW5WVZhhHuk1Gp
2023-11-21 18:37:04,Both,left,4xR3MAscflQ262kMeiKshQ
2023-11-21 18:39:08,Sarthak,right,40GRJBeHKroMtWwGX9EFyQ
2023-11-21 18:41:56,Sarthak,right,7m9OqQk4RVRkw9JJdeAw96
2023-11-21 18:44:01,Sarthak,right,16umSNZfofRpDqTvf8DIAo
2023-11-21 18:46:39,Sarthak,right,0tMSssfxAL2oV8Vri0mFHE
2023-11-21 18:48:54,Sarthak,right,4UKCKdYiLN6IMA5ZESUTL7
2023-11-21 18:51:40,Sarthak,right,3s7MCdXyWmwjdcWh7GWXas
2023-11-21 19:35:54,Sarthak,right,19YKaevk2bce4odJkP5L22
2023-11-21 20:16:45,Both,right,78TTtXnFQPzwqlbtbwqN0y
2023-11-21 20:19:02,Both,right,40GRJBeHKroMtWwGX9EFyQ
2023-11-21 20:21:33,Both,right,4YwNf1fLZt9IQhJeHNWfBi
2023-11-21 20:24:12,Both,right,3s7MCdXyWmwjdcWh7GWXas
2023-11-21 20:27:10,Both,right,1FBuBhNZ8dmjUBWR58UOQv
2023-11-21 20:29:32,Both,right,1FBuBhNZ8dmjUBWR58UOQv
2023-11-21 20:31:55,Both,right,01z2fBGB8Hl3Jd3zXe4IXR
2023-11-21 20:34:17,Both,right,2rXVtoLBHuXcNB5DVfIc9p
2023-11-21 20:36:29,Both,right,40GRJBeHKroMtWwGX9EFyQ
2023-11-21 20:39:23,Both,right,35xSkNIXi504fcEwz9USRB
2023-11-21 20:41:52,Both,right,0yhxBvedRdGxsPZHJNI4VA
2023-11-21 20:44:15,Both,right,2Uvy6SkNqxvnH1W68dymxG
2023-11-21 20:46:39,Both,right,4UKCKdYiLN6IMA5ZESUTL7
2023-11-21 20:49:27,Both,right,6CcJMwBtXByIz4zQLzFkKc
2023-11-21 20:52:09,Both,right,1B04mWViAk7jcLEifYbvdi
2023-11-21 20:54:13,Both,right,0yhxBvedRdGxsPZHJNI4VA
2023-11-21 20:56:37,Both,right,0f0gfm6wHjhqrBMHBn9Ajr
2023-11-21 20:58:44,Both,right,34xTFwjPQ1dC6uJmleno7x
2023-11-21 21:01:23,Both,right,2ZWlPOoWh0626oTaHrnl2a
2023-11-21 21:04:13,Both,right,7LmkhaMCqsjppaYtAYhMaI
2023-11-21 21:06:15,Both,right,3s7MCdXyWmwjdcWh7GWXas
2023-11-21 21:09:01,Both,right,16qYlQ6koFxYVbiJbGHblz
2023-11-21 21:11:29,Both,right,0tMSssfxAL2oV8Vri0mFHE
2023-11-21 21:14:27,Both,right,73D5hBkiVZkopZrmBZTBWf
2023-11-21 21:17:11,Both,right,2ZWlPOoWh0626oTaHrnl2a
2023-11-21 21:19:36,Both,right,4xR3MAscflQ262kMeiKshQ
2023-11-21 21:22:30,Both,right,7LmkhaMCqsjppaYtAYhMaI
2023-11-21 21:25:21,Both,right,43zdsphuZLzwA9k4DJhU0I
2023-11-21 21:28:18,Both,right,35xSkNIXi504fcEwz9USRB
2023-11-21 21:31:10,Both,right,5GUYJTQap5F3RDQiCOJhrS
2023-11-21 21:33:50,Both,right,2LMkwUfqC6S6s6qDVlEuzV
2023-11-21 21:36:44,Both,right,01z2fBGB8Hl3Jd3zXe4IXR
2023-11-21 21:38:51,Both,right,2JUqYobT8NvARdPmc4ES2x
2023-11-21 21:41:16,Both,right,7m9OqQk4RVRkw9JJdeAw96
2023-11-21 21:44:16,Both,right,7fTEiF3rNCc8TDagCAXjhd
2023-11-21 21:46:28,Both,right,0f0gfm6wHjhqrBMHBn9Ajr
2023-11-21 21:49:04,Both,right,4YwNf1fLZt9IQhJeHNWfBi
2023-11-21 21:51:41,Both,right,4UKCKdYiLN6IMA5ZESUTL7
2023-11-21 21:54:37,Both,right,2Uvy6SkNqxvnH1W68dymxG
2023-11-21 22:51:21,Both,right,4xR3MAscflQ262kMeiKshQ
2023-11-21 22:53:49,Both,right,2Uvy6SkNqxvnH1W68dymxG
2023-11-21 22:56:39,Both,right,4YwNf1fLZt9IQhJeHNWfBi
2023-11-21 22:58:39,Both,right,2JUqYobT8NvARdPmc4ES2x
2023-11-21 23:00:51,Both,right,2JUqYobT8NvARdPmc4ES2x
2023-11-21 23:02:55,Both,right,16qYlQ6koFxYVbiJbGHblz
2023-11-21 23:05:40,Both,right,1DWZUa5Mzf2BwzpHtgbHPY
2023-11-21 23:08:17,Both,right,2rXVtoLBHuXcNB5DVfIc9p
2023-11-21 23:10:51,Both,right,4Ozmbn4LIW5WVZhhHuk1Gp
2023-11-21 23:12:58,Both,right,3s7MCdXyWmwjdcWh7GWXas
2023-11-21 23:56:30,Both,right,4xR3MAscflQ262kMeiKshQ
2023-11-21 23:59:03,Both,right,2LMkwUfqC6S6s6qDVlEuzV
2023-11-22 00:01:21,Both,right,0f0gfm6wHjhqrBMHBn9Ajr
2023-11-22 00:04:14,Both,right,73D5hBkiVZkopZrmBZTBWf
2023-11-22 00:07:04,Both,right,2ZWlPOoWh0626oTaHrnl2a
2023-11-22 00:09:34,Both,right,7lUX7bNyCJZeSn0ZCvL0GW
2023-11-22 00:12:00,Both,right,1DWZUa5Mzf2BwzpHtgbHPY
2023-11-22 00:14:27,Both,right,7fTEiF3rNCc8TDagCAXjhd
2023-11-22 00:17:03,Both,right,19YKaevk2bce4odJkP5L22
2023-11-22 00:19:31,Avi,left,4xR3MAscflQ262kMeiKshQ
2023-11-22 00:22:16,Avi,left,7LmkhaMCqsjppaYtAYhMaI
2023-11-22 00:25:09,Avi,left,5H4PU7wBIXL259apGjSpOr
2023-11-22 00:27:38,Avi,left,12dtBMOafWqGvjJhKxAJ7q
2023-11-22 00:30:05,Avi,left,2ZWlPOoWh0626oTaHrnl2a
2023-11-22 00:32:41,Avi,left,0tMSssfxAL2oV8Vri0mFHE
2023-11-22 00:35:40,Avi,left,1B04mWViAk7jcLEifYbvdi
2023-11-22 00:37:57,Avi,left,01z2fBGB8Hl3Jd3zXe4IXR
2023-11-22 00:40:27,Avi,left,6CcJMwBtXByIz4zQLzFkKc
2023-11-22 00:43:09,Avi,left,4UKCKdYiLN6IMA5ZESUTL7
2023-11-22 00:45:53,Avi,left,7LmkhaMCqsjppaYtAYhMaI
2023-11-22 00:48:11,Avi,left,5GUYJTQap5F3RDQiCOJhrS
2023-11-22 00:50:22,Avi,left,16umSNZfofRpDqTvf8DIAo
2023-11-22 00:53:16,Avi,left,1DWZUa5Mzf2BwzpHtgbHPY
2023-11-22 00:55:40,Avi,left,35xSkNIXi504fcEwz9USRB
2023-11-22 00:58:27,Avi,left,16qYlQ6koFxYVbiJbGHblz
2023-11-22 09:01:34,Avi,left,4qYLPta5HZ36idWiXtqh7B
2023-11-22 09:03:41,Avi,left,0Ep9wqVQKcWCiI0PzbbLog
2023-11-22 09:06:00,Avi,left,0gR8HJmT457poShbgYXmV8
2023-11-22 09:08:34,Avi,left,5vnuJ8EopkP5dHukpOmT3L
2023-11-22 09:10:57,Avi,left,1TweDM3JC49LNeelLVg3yX
2023-11-22 09:13:21,Avi,left,0msrDPXxZpts4FRnoX0bFr
2023-11-22 09:15:53,Avi,left,17sPXQa8bT24ToCYHXuQXI
2023-11-22 09:18:27,Avi,left,1aTZLg2n88hMFMKJXQveig
2023-11-22 09:20:56,Avi,left,3QGsuHI8jO1Rx4JWLUh9jd
2023-11-22 09:23:19,Avi,left,4iJyoBOLtHqaGxP12qzhQI
2023-11-22 09:25:51,Avi,left,3QGsuHI8jO1Rx4JWLUh9jd
2023-11-22 09:27:55,Avi,left,4QhWbupniDd44EDtnh2bFJ
2023-11-22 09:30:11,Avi,left,6s24LFkjo06wYVpxJppovm
2023-11-22 09:32:55,Avi,left,2gHQ7upBrDEFOZZTO6ktbZ
2023-11-22 09:35:32,Avi,left,0KyAGiNGUytG5JLxJu4F6l
2023-11-22 09:37:55,Avi,left,6R837L5prXTflEAD2GI6vX
2023-11-22 09:40:25,Avi,left,1au2UduxcvHfa0fZS3Szci
2023-11-22 09:42:49,Avi,left,7MAibcTli4IisCtbHKrGMh
2023-11-22 09:45:01,Avi,left,3w3y8KPTfNeOKPiqUTakBh
2023-11-22 09:47:45,Avi,left,0M3HkE321xpCbCYqVKzr1q
2023-11-22 09:49:52,Avi,left,6xNkEcbvpPcdSOFKFXNpFL
2023-11-22 09:52:17,Avi,left,1au2UduxcvHfa0fZS3Szci
2023-11-22 09:54:19,Avi,left,4rAg5bbrdZX00mXXhLvYXj
2023-11-22 09:57:11,Avi,left,66Q3fAmSX5eHamgbKa9alP
2023-11-22 09:59:51,Sarthak,right,4LKSaRoKNnlpKXTT663BrT
2023-11-22 10:02:43,Sarthak,right,3HgA5R5alihocnOYE9ihpS
2023-11-22 10:05:19,Sarthak,right,0pmTeBCjn4gRbg8HmQzxXr
2023-11-22 10:07:26,Sarthak,right,0pmTeBCjn4gRbg8HmQzxXr
2023-11-22 10:10:13,Sarthak,right,6s24LFkjo06wYVpxJppovm
2023-11-22 10:13:09,Sarthak,right,3w3y8KPTfNeOKPiqUTakBh
2023-11-22 10:54:55,Sarthak,right,0uG0JpNmXY6ldOUKUa6kq1
2023-11-22 10:57:44,Sarthak,right,4iJyoBOLtHqaGxP12qzhQI
2023-11-22 10:59:50,Sarthak,right,66Q3fAmSX5eHamgbKa9alP
2023-11-22 11:02:39,Sarthak,right,7ytR5pFWmSjzHJIeQkgog4
2023-11-22 11:05:18,Sarthak,right,33i3xxHB4YSYGYbtJrwwO8
2023-11-22 11:08:03,Sarthak,right,6ieWL5CLN9WdC875guWtMe
2023-11-22 11:11:00,Sarthak,right,1zi7xx7UVEFkmKfv06H8x0
2023-11-22 11:13:09,Sarthak,right,0Y7crWWzWhHSN48eOdmXEZ
2023-11-22 11:15:57,Sarthak,right,33i3xxHB4YSYGYbtJrwwO8
2023-11-22 11:18:45,Sarthak,right,1h3qLl1QJfXlRppxMIcnfn
2023-11-22 11:21:07,Sarthak,right,37y7iDayfwm3WXn5BiAoRk
2023-11-22 11:23:56,Sarthak,right,3GZD6HmiNUhxXYf8Gch723
2023-11-22 11:26:42,Sarthak,right,1zi7xx7UVEFkmKfv06H8x0
2023-11-22 11:29:38,Avi,right,4qYLPta5HZ36idWiXtqh7B
2023-11-22 11:32:22,Avi,right,0M3HkE321xpCbCYqVKzr1q
2023-11-22 12:27:02,Avi,right,5EYi2rH4LYs6M21ZLOyQTx
2023-11-22 12:29:10,Avi,right,7yNf9YjeO5JXUE3JEBgnYc
2023-11-22 12:32:08,Avi,right,0msrDPXxZpts4FRnoX0bFr
2023-11-22 12:34:18,Avi,right,3YJJjQPAbDT7mGpX3WtQ9A
2023-11-22 12:37:14,Avi,right,4iJyoBOLtHqaGxP12qzhQI
2023-11-22 12:39:32,Avi,right,2mT9JUsS0TTYWLUx0Vvq92
2023-11-22 12:42:05,Avi,right,6ieWL5CLN9WdC875guWtMe
2023-11-22 12:44:44,Avi,right,5lcyIeEfwZTs8Ajw3kdF7P
2023-11-22 12:47:33,Avi,right,6R837L5prXTflEAD2GI6vX
2023-11-22 12:50:12,Avi,right,1TweDM3JC49LNeelLVg3yX
2023-11-22 12:53:01,Avi,right,3HgA5R5alihocnOYE9ihpS
2023-11-22 12:55:36,Avi,right,6ieWL5CLN9WdC875guWtMe
2023-11-22 12:57:59,Sarthak,left,6xNkEcbvpPcdSOFKFXNpFL
2023-11-22 13:00:46,Sarthak,left,2PLOCIYlFr8XxNsz0Lgs4l
2023-11-22 13:02:55,Sarthak,left,0pmTeBCjn4gRbg8HmQzxXr
2023-11-22 13:05:46,Sarthak,left,3HgA5R5alihocnOYE9ihpS
2023-11-22 13:08:20,Sarthak,left,3iW3y326xuRpNVXzOMBZy5
2023-11-22 13:10:41,Sarthak,left,75KFRFmcuGFkWlP0QAwFvq
2023-11-22 13:13:38,Sarthak,left,0qbP1p2jMDkCKXIanfmYtI
2023-11-22 13:47:49,Sarthak,left,7IdFdRlCjUi6kkhbPoRfnw
2023-11-22 13:50:23,Sarthak,left,3iW3y326xuRpNVXzOMBZy5
2023-11-22 13:52:30,Sarthak,left,13YyYNBofurxZCNYiFDibB
2023-11-22 14:42:40,Sarthak,left,47Slg6LuqLaX0VodpSCvPt
2023-11-22 14:45:25,Sarthak,left,78dswNVxn2Sgr7rIyuoNwa
2023-11-22 14:48:12,Sarthak,left,1aTZLg2n88hMFMKJXQveig
2023-11-22 14:50:15,Sarthak,left,47Slg6LuqLaX0VodpSCvPt
2023-11-22 14:52:47,Sarthak,right,31rk2z6XreitvUgfJURMil
2023-11-22 14:55:44,Sarthak,right,5vnuJ8EopkP5dHukpOmT3L
2023-11-22 14:57:47,Sarthak,right,03ZkvqZOANKndGXfAAPywG
2023-11-22 15:00:16,Sarthak,right,7B3z0ySL9Rr0XvZEAjWZzM
2023-11-22 15:03:08,Sarthak,right,0Ep9wqVQKcWCiI0PzbbLog
2023-11-22 15:06:01,Sarthak,right,2PLOCIYlFr8XxNsz0Lgs4l
2023-11-22 15:08:04,Sarthak,right,6olUplztLFFfU7fMYmFXOP
2023-11-22 15:10:04,Sarthak,right,13YyYNBofurxZCNYiFDibB
2023-11-22 15:12:40,Sarthak,right,3GZD6HmiNUhxXYf8Gch723
2023-11-22 15:14:51,Sarthak,right,0msrDPXxZpts4FRnoX0bFr
2023-11-22 16:04:25,Sarthak,right,1aTZLg2n88hMFMKJXQveig
2023-11-22 16:07:22,Sarthak,right,5EYi2rH4LYs6M21ZLOyQTx
2023-11-22 16:10:07,Both,right,7ytR5pFWmSjzHJIeQkgog4
2023-11-22 16:12:47,Both,right,31zNgkbLt8McmjDrh6XKY9
2023-11-22 16:15:12,Both,right,1au2UduxcvHfa0fZS3Szci
2023-11-22 16:17:12,Both,right,5GO4rpfnM2lghVqEulTJUf
2023-11-22 16:19:52,Both,right,4rAg5bbrdZX00mXXhLvYXj
2023-11-22 16:22:14,Both,right,03ZkvqZOANKndGXfAAPywG
2023-11-22 17:18:34,Both,right,7lUX7bNyCJZeSn0ZCvL0GW
2023-11-22 17:21:04,Both,right,5QvBXUm5MglLJ3iBfTX2Wo
2023-11-22 17:23:44,Both,right,5H4PU7wBIXL259apGjSpOr
2023-11-22 17:26:13,Both,right,6CcJMwBtXByIz4zQLzFkKc
2023-11-22 18:20:57,Both,right,16umSNZfofRpDqTvf8DIAo
2023-11-22 18:23:27,Both,right,3ZCTVFBt2Brf31RLEnCkWJ
2023-11-22 18:26:19,Both,right,0j35X8cTq543QDYLOyqB8W
2023-11-22 18:29:08,Both,right,2ZWlPOoWh0626oTaHrnl2a
2023-11-22 18:31:42,Both,right,16umSNZfofRpDqTvf8DIAo
2023-11-22 18:34:08,Both,right,0tMSssfxAL2oV8Vri0mFHE
2023-11-22 18:36:44,Both,right,16umSNZfofRpDqTvf8DIAo
2023-11-22 18:38:46,Both,right,0fl8Tsy98InF9qnM6vrZ60
2023-11-22 18:41:16,Both,right,7m9OqQk4RVRkw9JJdeAw96
2023-11-22 18:43:27,Both,left,4UKCKdYiLN6IMA5ZESUTL7
2023-11-22 18:45:32,Both,left,2rXVtoLBHuXcNB5DVfIc9p
2023-11-22 18:48:00,Both,left,2Uvy6SkNqxvnH1W68dymxG
2023-11-22 18:50:43,Both,left,7aSyG7cskkG3zhfO2JLxq3
2023-11-22 18:53:05,Both,left,40GRJBeHKroMtWwGX9EFyQ
2023-11-22 18:55:48,Both,left,2JUqYobT8NvARdPmc4ES2x
2023-11-22 18:57:52,Both,left,7m9OqQk4RVRkw9JJdeAw96
2023-11-22 18:59:57,Both,left,0f0gfm6wHjhqrBMHBn9Ajr
2023-11-22 19:02:25,Both,left,2LMkwUfqC6S6s6qDVlEuzV
2023-11-22 19:05:00,Both,left,4UKCKdYiLN6IMA5ZESUTL7
2023-11-22 19:07:06,Both,left,35xSkNIXi504fcEwz9USRB
2023-11-22 19:09:36,Both,left,5H4PU7wBIXL259apGjSpOr
2023-11-22 19:12:29,Both,left,3PbV3ocgAp3Xn0omGFC0cG
2023-11-22 19:15:06,Both,left,40GRJBeHKroMtWwGX9EFyQ
2023-11-22 19:17:52,Sarthak,left,3ijXR4yXgN43eF54uK7oos
2023-11-22 19:20:03,Sarthak,left,40GRJBeHKroMtWwGX9EFyQ
2023-11-22 19:22:15,Sarthak,left,7m9OqQk4RVRkw9JJdeAw96
2023-11-22 19:24:43,Sarthak,left,4QIo4oxwzzafcBWkKjDpXY
2023-11-22 19:26:58,Sarthak,left,4UKCKdYiLN6IMA5ZESUTL7
2023-11-22 19:29:05,Sarthak,left,5QvBXUm5MglLJ3iBfTX2Wo
2023-11-22 19:31:07,Sarthak,left,4xR3MAscflQ262kMeiKshQ
2023-11-22 19:33:37,Sarthak,left,7m9OqQk4RVRkw9JJdeAw96
2023-11-22 19:35:40,Sarthak,left,5GUYJTQap5F3RDQiCOJhrS
2023-11-22 19:38:32,Sarthak,left,7fTEiF3rNCc8TDagCAXjhd
2023-11-22 19:41:10,Sarthak,left,35xSkNIXi504fcEwz9USRB
2023-11-22 19:43:13,Sarthak,left,16umSNZfofRpDqTvf8DIAo
2023-11-22 19:45:55,Sarthak,left,5QvBXUm5MglLJ3iBfTX2Wo
2023-11-22 19:48:07,Sarthak,left,2LMkwUfqC6S6s6qDVlEuzV
2023-11-22 19:51:06,Avi,left,3ijXR4yXgN43eF54uK7oos
2023-11-22 19:53:37,Avi,left,3ijXR4yXgN43eF54uK7oos
2023-11-22 19:56:11,Both,both,1DWZUa5Mzf2BwzpHtgbHPY
2023-11-22 19:58:41,Both,both,7aSyG7cskkG3zhfO2JLxq3
2023-11-22 20:00:53,Both,right,7aSyG7cskkG3zhfO2JLxq3
2023-11-22 20:03:53,Both,right,0yhxBvedRdGxsPZHJNI4VA
2023-11-22 20:06:11,Both,right,73D5hBkiVZkopZrmBZTBWf
2023-11-22 20:08:57,Both,right,0j35X8cTq543QDYLOyqB8W
2023-11-22 20:11:03,Both,right,19YKaevk2bce4odJkP5L22
2023-11-22 20:13:42,Both,right,1FBuBhNZ8dmjUBWR58UOQv
2023-11-22 20:16:23,Both,right,7fTEiF3rNCc8TDagCAXjhd
2023-11-22 20:18:26,Both,right,73D5hBkiVZkopZrmBZTBWf
2023-11-22 21:16:24,Both,right,2JUqYobT8NvARdPmc4ES2x
2023-11-22 21:18:58,Both,right,7fTEiF3rNCc8TDagCAXjhd
2023-11-22 21:21:44,Both,right,4xR3MAscflQ262kMeiKshQ
2023-11-22 21:24:03,Both,right,1B04mWViAk7jcLEifYbvdi
2023-11-22 21:26:18,Both,right,12dtBMOafWqGvjJhKxAJ7q
2023-11-22 21:28:50,Both,right,4QIo4oxwzzafcBWkKjDpXY
2023-11-22 21:31:18,Both,right,1DWZUa5Mzf2BwzpHtgbHPY
2023-11-22 21:33:23,Both,right,5QvBXUm5MglLJ3iBfTX2Wo
2023-11-22 21:35:34,Both,right,0j35X8cTq543QDYLOyqB8W
2023-11-22 21:37:56,Both,right,6CcJMwBtXByIz4zQLzFkKc
2023-11-22 21:40:27,Both,right,4Ozmbn4LIW5WVZhhHuk1Gp
2023-11-22 21:43:20,Both,right,4xR3MAscflQ262kMeiKshQ
2023-11-22 21:46:07,Both,right,0f0gfm6wHjhqrBMHBn9Ajr
2023-11-22 21:48:24,Both,right,7fTEiF3rNCc8TDagCAXjhd
2023-11-22 21:51:00,Both,right,35xSkNIXi504fcEwz9USRB
2023-11-22 21:53:08,Both,right,2ZWlPOoWh0626oTaHrnl2a
2023-11-22 21:56:00,Both,right,3ZCTVFBt2Brf31RLEnCkWJ
2023-11-22 21:58:22,Both,right,4QIo4oxwzzafcBWkKjDpXY
2023-11-22 22:01:13,Both,right,3s7MCdXyWmwjdcWh7GWXas
2023-11-22 22:03:51,Both,right,2Uvy6SkNqxvnH1W68dymxG
2023-11-22 22:05:57,Both,right,16umSNZfofRpDqTvf8DIAo
2023-11-22 22:08:19,Both,right,0j35X8cTq543QDYLOyqB8W
2023-11-22 22:10:32,Both,right,2ZWlPOoWh0626oTaHrnl2a
2023-11-22 22:13:10,Both,right,5QvBXUm5MglLJ3iBfTX2Wo
2023-11-22 22:15:11,Both,right,01z2fBGB8Hl3Jd3zXe4IXR
2023-11-22 22:17:17,Both,right,1B04mWViAk7jcLEifYbvdi
2023-11-22 22:20:16,Both,right,0j35X8cTq543QDYLOyqB8W
2023-11-22 22:22:41,Both,right,16umSNZfofRpDqTvf8DIAo
2023-11-22 22:24:53,Both,right,2JUqYobT8NvARdPmc4ES2x
2023-11-22 22:27:11,Both,right,19YKaevk2bce4odJkP5L22
2023-11-22 22:30:07,Both,right,3ijXR4yXgN43eF54uK7oos
2023-11-22 23:21:06,Both,right,3ZCTVFBt2Brf31RLEnCkWJ
2023-11-22 23:23:23,Both,right,01z2fBGB8Hl3Jd3zXe4IXR
2023-11-22 23:25:29,Both,right,5QvBXUm5MglLJ3iBfTX2Wo
2023-11-22 23:27:40,Both,right,01z2fBGB8Hl3Jd3zXe4IXR
2023-11-22 23:29:53,Both,right,0f0gfm6wHjhqrBMHBn9Ajr
2023-11-22 23:32:45,Both,right,2ZWlPOoWh0626oTaHrnl2a
2023-11-22 23:35:21,Both,right,3Tc57t9l2O8FwQZtQOvPXK
2023-11-22 23:37:25,Both,right,35xSkNIXi504fcEwz9USRB
2023-11-22 23:39:52,Both,right,0fl8Tsy98InF9qnM6vrZ60
2023-11-22 23:41:59,Both,right,4UKCKdYiLN6IMA5ZESUTL7
2023-11-22 23:44:59,Both,right,7aSyG7cskkG3zhfO2JLxq3
2023-11-22 23:47:36,Both,right,4Ozmbn4LIW5WVZhhHuk1Gp
2023-11-22 23:49:43,Both,right,1BViPjTT585XAhkUUrkts0
2023-11-22 23:52:14,Both,right,0f0gfm6wHjhqrBMHBn9Ajr
2023-11-22 23:54:48,Both,right,78TTtXnFQPzwqlbtbwqN0y
2023-11-22 23:57:37,Both,right,34xTFwjPQ1dC6uJmleno7x
2023-11-22 23:59:51,Both,right,7KZ5MMVgBVox9ycroB2UrI
2023-11-23 00:02:33,Both,right,1BViPjTT585XAhkUUrkts0
2023-11-23 00:57:56,Both,right,12dtBMOafWqGvjJhKxAJ7q
2023-11-23 09:01:22,Both,right,5vnuJ8EopkP5dHukpOmT3L
2023-11-23 09:03:39,Both,right,78dswNVxn2Sgr7rIyuoNwa
2023-11-23 09:06:18,Both,right,13YyYNBofurxZCNYiFDibB
2023-11-23 09:54:48,Both,right,6VKNW0svDbddkdNDGAE0NY
2023-11-23 10:38:34,Both,right,3UTjMW0VGksZ4kFHlfa3m6
2023-11-23 10:41:08,Both,right,7yNf9YjeO5JXUE3JEBgnYc
2023-11-23 10:44:04,Both,right,4JNTpbntShpUpACDUzwHV5
2023-11-23 10:46:11,Both,right,2gAGWaK4wvt2xrFUlR4mK8
2023-11-23 10:48:53,Both,right,15NQ3x1f2GUhqs8oBXhTqp
2023-11-23 10:50:55,Both,right,0msrDPXxZpts4FRnoX0bFr
2023-11-23 10:53:16,Both,right,03ZkvqZOANKndGXfAAPywG
2023-11-23 10:55:55,Both,right,29Hn3L56DQ6y7W249oVxqd
2023-11-23 10:58:48,Both,right,3OHfY25tqY28d16oZczHc8
2023-11-23 11:01:22,Both,right,6olUplztLFFfU7fMYmFXOP
2023-11-23 11:04:19,Both,right,6VrLYoQKdhu1Jruei06t65
2023-11-23 11:06:54,Both,right,6VKNW0svDbddkdNDGAE0NY
2023-11-23 11:09:27,Avi,left,4h6rLRQt8ARN8xA6ZLnpiw
2023-11-23 11:11:57,Avi,left,3iW3y326xuRpNVXzOMBZy5
2023-11-23 11:14:04,Avi,left,4IYKjN1DrYzxKXt0umJqsG
2023-11-23 11:16:47,Avi,left,53y0PxHoy72RaSPkehY4zb
2023-11-23 11:19:31,Avi,left,1aTZLg2n88hMFMKJXQveig
2023-11-23 11:22:14,Avi,left,66Q3fAmSX5eHamgbKa9alP
2023-11-23 11:24:43,Avi,left,3YJJjQPAbDT7mGpX3WtQ9A
2023-11-23 11:27:09,Avi,left,1zi7xx7UVEFkmKfv06H8x0
2023-11-23 12:10:23,Avi,left,0KyAGiNGUytG5JLxJu4F6l
2023-11-23 12:13:06,Avi,left,7IdFdRlCjUi6kkhbPoRfnw
2023-11-23 12:15:48,Avi,left,4QhWbupniDd44EDtnh2bFJ
2023-11-23 12:18:40,Avi,left,6ieWL5CLN9WdC875guWtMe
2023-11-23 12:21:19,Avi,left,2mT9JUsS0TTYWLUx0Vvq92
2023-11-23 12:24:08,Avi,left,3QGsuHI8jO1Rx4JWLUh9jd
2023-11-23 12:26:27,Avi,left,0Ep9wqVQKcWCiI0PzbbLog
2023-11-23 12:29:15,Avi,left,4h6rLRQt8ARN8xA6ZLnpiw
2023-11-23 12:31:27,Avi,right,0qbP1p2jMDkCKXIanfmYtI
2023-11-23 12:34:04,Avi,right,5lcyIeEfwZTs8Ajw3kdF7P
2023-11-23 12:36:45,Avi,right,26NyJM0Y3eXi4h07V7zQCC
2023-11-23 12:39:15,Avi,right,2mT9JUsS0TTYWLUx0Vvq92
2023-11-23 12:41:57,Avi,right,1Ke6bqdvdGJF1ftvuO8qtP
2023-11-23 12:44:52,Avi,right,2gHQ7upBrDEFOZZTO6ktbZ
2023-11-23 12:47:39,Avi,right,17sPXQa8bT24ToCYHXuQXI
2023-11-23 12:50:13,Avi,right,4iJyoBOLtHqaGxP12qzhQI
2023-11-23 12:52:28,Avi,right,2gHQ7upBrDEFOZZTO6ktbZ
2023-11-23 12:55:25,Avi,right,0KyAGiNGUytG5JLxJu4F6l
2023-11-23 12:57:53,Avi,right,4JNTpbntShpUpACDUzwHV5
2023-11-23 13:00:48,Avi,right,0KyAGiNGUytG5JLxJu4F6l
2023-11-23 13:02:49,Avi,right,2gHQ7upBrDEFOZZTO6ktbZ
2023-11-23 13:05:03,Avi,right,1zi7xx7UVEFkmKfv06H8x0
2023-11-23 13:07:43,Avi,right,13YyYNBofurxZCNYiFDibB
2023-11-23 13:10:38,Avi,right,75KFRFmcuGFkWlP0QAwFvq
2023-11-23 13:13:17,Avi,right,4JNTpbntShpUpACDUzwHV5
2023-11-23 13:15:47,Avi,right,4qYLPta5HZ36idWiXtqh7B
2023-11-23 13:18:41,Avi,right,6R837L5prXTflEAD2GI6vX
2023-11-23 14:09:01,Avi,right,5lcyIeEfwZTs8Ajw3kdF7P
2023-11-23 14:11:17,Avi,right,47Slg6LuqLaX0VodpSCvPt
2023-11-23 14:14:15,Avi,right,2PLOCIYlFr8XxNsz0Lgs4l
2023-11-23 14:17:02,Avi,right,5lcyIeEfwZTs8Ajw3kdF7P
2023-11-23 14:19:55,Avi,right,7bfHR7MgW9oAK4ZagZfViv
2023-11-23 14:22:26,Avi,right,2mT9JUsS0TTYWLUx0Vvq92
2023-11-23 14:24:30,Avi,right,1aTZLg2n88hMFMKJXQveig
2023-11-23 14:27:03,Avi,right,5vnuJ8EopkP5dHukpOmT3L
2023-11-23 14:30:03,Avi,right,33i3xxHB4YSYGYbtJrwwO8
2023-11-23 14:32:07,Avi,right,4LKSaRoKNnlpKXTT663BrT
2023-11-23 14:34:50,Avi,right,0R0zZnqPg7yOWb4PRmW8nC
2023-11-23 14:37:33,Avi,right,13YyYNBofurxZCNYiFDibB
2023-11-23 14:39:52,Avi,right,1zi7xx7UVEFkmKfv06H8x0
2023-11-23 14:42:27,Avi,right,6K4t31amVTZDgR3sKmwUJJ
2023-11-23 14:45:16,Avi,right,6olUplztLFFfU7fMYmFXOP
2023-11-23 14:47:52,Both,left,7ytR5pFWmSjzHJIeQkgog4
2023-11-23 14:49:55,Both,left,78dswNVxn2Sgr7rIyuoNwa
2023-11-23 14:52:19,Both,left,3YJJjQPAbDT7mGpX3WtQ9A
2023-11-23 14:55:14,Both,left,4h6rLRQt8ARN8xA6ZLnpiw
2023-11-23 14:58:01,Both,left,4rAg5bbrdZX00mXXhLvYXj
2023-11-23 15:00:17,Both,left,7ytR5pFWmSjzHJIeQkgog4
2023-11-23 15:02:24,Both,left,7B3z0ySL9Rr0XvZEAjWZzM
2023-11-23 15:05:10,Both,left,6aFd1esUS1xj7WrpryNUtr
2023-11-23 15:07:58,Both,left,2gAGWaK4wvt2xrFUlR4mK8
2023-11-23 15:10:02,Both,left,7ytR5pFWmSjzHJIeQkgog4
2023-11-23 15:12:26,Both,left,0M3HkE321xpCbCYqVKzr1q
2023-11-23 15:52:34,Both,left,0zLClc0emc6qUeV1p5nc99
2023-11-23 15:54:42,Both,left,7yNf9YjeO5JXUE3JEBgnYc
2023-11-23 15:57:31,Both,left,4JNTpbntShpUpACDUzwHV5
2023-11-23 16:00:17,Both,left,4mL25h2hl6gdyu9tNTudnI
2023-11-23 16:02:33,Both,left,5lcyIeEfwZTs8Ajw3kdF7P
2023-11-23 16:05:14,Both,left,0uG0JpNmXY6ldOUKUa6kq1
2023-11-23 16:07:52,Both,both,1zi7xx7UVEFkmKfv06H8x0
2023-11-23 16:10:40,Both,both,5GO4rpfnM2lghVqEulTJUf
2023-11-23 16:13:04,Both,both,47Slg6LuqLaX0VodpSCvPt
2023-11-23 16:15:46,Both,both,1Ke6bqdvdGJF1ftvuO8qtP
2023-11-23 16:17:55,Both,both,5lcyIeEfwZTs8Ajw3kdF7P
2023-11-23 16:20:24,Both,both,6ie2Bw3xLj2JcGowOlcMhb
2023-11-23 16:22:54,Both,both,0zLClc0emc6qUeV1p5nc99
2023-11-23 16:25:43,Both,both,03ZkvqZOANKndGXfAAPywG
2023-11-23 16:28:19,Both,both,3w3y8KPTfNeOKPiqUTakBh
2023-11-23 16:30:30,Both,both,0GEYcEQvjY0lOVeALByDbu
2023-11-23 16:32:32,Both,both,4QhWbupniDd44EDtnh2bFJ
2023-11-23 17:11:37,Both,both,3ijXR4yXgN43eF54uK7oos
2023-11-23 17:43:19,Both,both,3Fj47GNK2kUF0uaEDgXLaD
2023-11-23 17:45:41,Both,both,4YwNf1fLZt9IQhJeHNWfBi
2023-11-23 17:48:39,Both,both,43zdsphuZLzwA9k4DJhU0I
2023-11-23 17:51:38,Both,both,0f0gfm6wHjhqrBMHBn9Ajr
2023-11-23 17:54:26,Both,both,7m9OqQk4RVRkw9JJdeAw96
2023-11-23 17:56:38,Both,both,0tMSssfxAL2oV8Vri0mFHE
2023-11-23 17:59:08,Both,both,7KZ5MMVgBVox9ycroB2UrI
2023-11-23 18:01:41,Both,both,7KZ5MMVgBVox9ycroB2UrI
2023-11-23 18:03:51,Both,both,3PbV3ocgAp3Xn0omGFC0cG
2023-11-23 18:06:21,Both,both,4xR3MAscflQ262kMeiKshQ
2023-11-23 18:08:37,Both,both,2LMkwUfqC6S6s6qDVlEuzV
2023-11-23 18:11:26,Both,both,73D5hBkiVZkopZrmBZTBWf
2023-11-23 18:13:32,Both,both,0yhxBvedRdGxsPZHJNI4VA
2023-11-23 18:16:00,Both,both,7lUX7bNyCJZeSn0ZCvL0GW
2023-11-23 18:18:05,Both,both,4QIo4oxwzzafcBWkKjDpXY
2023-11-23 18:20:47,Both,both,43zdsphuZLzwA9k4DJhU0I
2023-11-23 18:23:24,Both,both,3Fj47GNK2kUF0uaEDgXLaD
2023-11-23 18:25:31,Both,both,7fTEiF3rNCc8TDagCAXjhd
2023-11-23 18:27:33,Both,both,0f0gfm6wHjhqrBMHBn9Ajr
2023-11-23 18:30:21,Both,both,1BViPjTT585XAhkUUrkts0
2023-11-23 18:33:18,Both,both,6CcJMwBtXByIz4zQLzFkKc
2023-11-23 18:35:51,Both,both,4QIo4oxwzzafcBWkKjDpXY
2023-11-23 18:38:51,Both,both,7KZ5MMVgBVox9ycroB2UrI
2023-11-23 18:41:40,Both,both,16qYlQ6koFxYVbiJbGHblz
2023-11-23 18:43:52,Both,both,16qYlQ6koFxYVbiJbGHblz
2023-11-23 18:46:26,Both,both,7m9OqQk4RVRkw9JJdeAw96
2023-11-23 18:48:31,Both,both,4UKCKdYiLN6IMA5ZESUTL7
2023-11-23 18:50:39,Both,both,1B04mWViAk7jcLEifYbvdi
2023-11-23 18:53:02,Both,both,5QvBXUm5MglLJ3iBfTX2Wo
2023-11-23 18:55:35,Both,both,40GRJBeHKroMtWwGX9EFyQ
2023-11-23 18:57:37,Both,both,0f0gfm6wHjhqrBMHBn9Ajr
2023-11-23 19:00:04,Both,both,4SSnFejRGlZikf02HLewEF
2023-11-23 19:02:19,Both,both,5H4PU7wBIXL259apGjSpOr
2023-11-23 19:05:05,Avi,right,2LMkwUfqC6S6s6qDVlEuzV
2023-11-23 19:07:16,Avi,right,0j35X8cTq543QDYLOyqB8W
2023-11-23 19:51:32,Avi,right,1DWZUa5Mzf2BwzpHtgbHPY
2023-11-23 19:53:33,Avi,right,34xTFwjPQ1dC6uJmleno7x
2023-11-23 20:40:46,Both,right,7LmkhaMCqsjppaYtAYhMaI
2023-11-23 20:42:47,Both,right,4Ozmbn4LIW5WVZhhHuk1Gp
2023-11-23 20:44:55,Both,right,5GUYJTQap5F3RDQiCOJhrS
2023-11-23 20:47:20,Both,right,3ZCTVFBt2Brf31RLEnCkWJ
2023-11-23 20:49:30,Both,right,4Ozmbn4LIW5WVZhhHuk1Gp
2023-11-23 20:51:47,Both,right,3s7MCdXyWmwjdcWh7GWXas
2023-11-23 20:54:00,Both,right,01z2fBGB8Hl3Jd3zXe4IXR
2023-11-23 20:56:24,Both,right,1DWZUa5Mzf2BwzpHtgbHPY
2023-11-23 20:58:42,Both,right,12dtBMOafWqGvjJhKxAJ7q
2023-11-23 21:01:28,Both,right,4xR3MAscflQ262kMeiKshQ
2023-11-23 21:04:06,Both,right,43zdsphuZLzwA9k4DJhU0I
2023-11-23 21:07:02,Both,right,7aSyG7cskkG3zhfO2JLxq3
2023-11-23 21:09:30,Both,right,40GRJBeHKroMtWwGX9EFyQ
2023-11-23 21:52:57,Both,right,16qYlQ6koFxYVbiJbGHblz
2023-11-23 21:55:37,Both,right,5QvBXUm5MglLJ3iBfTX2Wo
2023-11-23 21:58:27,Both,right,35xSkNIXi504fcEwz9USRB
2023-11-23 22:01:21,Both,right,2Uvy6SkNqxvnH1W68dymxG
2023-11-23 22:03:53,Both,right,6CcJMwBtXByIz4zQLzFkKc
2023-11-23 22:06:53,Both,right,3ZCTVFBt2Brf31RLEnCkWJ
2023-11-23 22:09:46,Both,right,19YKaevk2bce4odJkP5L22
2023-11-23 22:11:57,Both,right,78TTtXnFQPzwqlbtbwqN0y
2023-11-23 22:14:29,Both,right,4xR3MAscflQ262kMeiKshQ
2023-11-23 22:16:34,Both,right,40GRJBeHKroMtWwGX9EFyQ
2023-11-23 22:18:40,Both,right,2Uvy6SkNqxvnH1W68dymxG
2023-11-23 22:20:56,Both,right,35xSkNIXi504fcEwz9USRB
2023-11-23 22:23:47,Both,right,2LMkwUfqC6S6s6qDVlEuzV
2023-11-23 22:25:48,Both,right,3s7MCdXyWmwjdcWh7GWXas
2023-11-23 22:27:48,Both,right,4UKCKdYiLN6IMA5ZESUTL7
2023-11-23 22:30:28,Both,right,16qYlQ6koFxYVbiJbGHblz
2023-11-23 23:04:00,Both,right,43zdsphuZLzwA9k4DJhU0I
2023-11-23 23:06:39,Both,right,12dtBMOafWqGvjJhKxAJ7q
2023-11-23 23:09:12,Both,right,4QIo4oxwzzafcBWkKjDpXY
2023-11-23 23:11:51,Both,right,0yhxBvedRdGxsPZHJNI4VA
2023-11-23 23:14:13,Both,right,73D5hBkiVZkopZrmBZTBWf
2023-11-23 23:16:26,Both,right,1DWZUa5Mzf2BwzpHtgbHPY
2023-11-23 23:18:41,Both,right,5GUYJTQap5F3RDQiCOJhrS
2023-11-23 23:20:59,Both,right,7lUX7bNyCJZeSn0ZCvL0GW
2023-11-23 23:23:18,Both,right,5QvBXUm5MglLJ3iBfTX2Wo
2023-11-23 23:25:43,Both,right,6CcJMwBtXByIz4zQLzFkKc
2023-11-23 23:27:59,Both,right,3ijXR4yXgN43eF54uK7oos
2023-11-23 23:30:29,Both,right,73D5hBkiVZkopZrmBZTBWf
2023-11-23 23:32:48,Both,right,5GUYJTQap5F3RDQiCOJhrS
2023-11-23 23:35:07,Both,right,73D5hBkiVZkopZrmBZTBWf
2023-11-23 23:37:27,Both,right,1DWZUa5Mzf2BwzpHtgbHPY
2023-11-23 23:39:30,Both,right,7aSyG7cskkG3zhfO2JLxq3
2023-11-23 23:42:21,Both,right,7KZ5MMVgBVox9ycroB2UrI
2023-11-23 23:45:00,Both,right,3ijXR4yXgN43eF54uK7oos
2023-11-23 23:47:32,Both,right,0tMSssfxAL2oV8Vri0mFHE
2023-11-23 23:49:49,Both,right,7aSyG7cskkG3zhfO2JLxq3
2023-11-23 23:52:49,Both,right,7fTEiF3rNCc8TDagCAXjhd
2023-11-23 23:55:06,Both,right,1DWZUa5Mzf2BwzpHtgbHPY
2023-11-23 23:57:36,Both,right,19YKaevk2bce4odJkP5L22
2023-11-23 23:59:47,Both,right,0j35X8cTq543QDYLOyqB8W
2023-11-24 00:02:11,Both,right,3s7MCdXyWmwjdcWh7GWXas
2023-11-24 00:04:33,Both,right,3Fj47GNK2kUF0uaEDgXLaD
2023-11-24 00:07:04,Both,right,40GRJBeHKroMtWwGX9EFyQ
2023-11-24 00:10:03,Both,right,0fl8Tsy98InF9qnM6vrZ60
2023-11-24 00:12:44,Both,right,34xTFwjPQ1dC6uJmleno7x
2023-11-24 00:14:45,Both,left,35xSkNIXi504fcEwz9USRB
2023-11-24 00:17:28,Both,left,19YKaevk2bce4odJkP5L22
2023-11-24 00:19:59,Both,left,1DWZUa5Mzf2BwzpHtgbHPY
2023-11-24 00:22:06,Both,left,7fTEiF3rNCc8TDagCAXjhd
2023-11-24 00:24:10,Both,left,1FBuBhNZ8dmjUBWR58UOQv
2023-11-24 00:26:29,Both,left,0j35X8cTq543QDYLOyqB8W
2023-11-24 00:28:33,Both,left,3s7MCdXyWmwjdcWh7GWXas
2023-11-24 09:02:07,Both,left,31zNgkbLt8McmjDrh6XKY9
2023-11-24 09:04:20,Both,left,0zLClc0emc6qUeV1p5nc99
2023-11-24 09:06:42,Both,left,4IYKjN1DrYzxKXt0umJqsG
2023-11-24 09:09:31,Both,left,0KyAGiNGUytG5JLxJu4F6l
2023-11-24 09:12:15,Both,left,0zLClc0emc6qUeV1p5nc99
2023-11-24 09:14:57,Both,both,7ytR5pFWmSjzHJIeQkgog4
2023-11-24 09:17:04,Both,both,0msrDPXxZpts4FRnoX0bFr
2023-11-24 09:19:45,Both,both,4h6rLRQt8ARN8xA6ZLnpiw
2023-11-24 10:08:02,Both,both,33i3xxHB4YSYGYbtJrwwO8
2023-11-24 10:10:56,Both,both,0qbP1p2jMDkCKXIanfmYtI
2023-11-24 10:13:04,Both,both,0R0zZnqPg7yOWb4PRmW8nC
2023-11-24 10:15:42,Both,both,15NQ3x1f2GUhqs8oBXhTqp
2023-11-24 10:18:12,Both,both,7MAibcTli4IisCtbHKrGMh
2023-11-24 10:20:12,Both,both,3HgA5R5alihocnOYE9ihpS
2023-11-24 10:23:10,Both,both,3OHfY25tqY28d16oZczHc8
2023-11-24 10:25:39,Both,both,47Slg6LuqLaX0VodpSCvPt
2023-11-24 10:27:41,Both,both,4LKSaRoKNnlpKXTT663BrT
2023-11-24 10:30:25,Both,both,0pmTeBCjn4gRbg8HmQzxXr
2023-11-24 10:33:17,Both,both,6xNkEcbvpPcdSOFKFXNpFL
2023-11-24 10:35:19,Both,both,1TweDM3JC49LNeelLVg3yX
2023-11-24 10:38:09,Avi,left,1zi7xx7UVEFkmKfv06H8x0
2023-11-24 10:40:30,Avi,left,1au2UduxcvHfa0fZS3Szci
2023-11-24 10:43:19,Avi,left,0Ep9wqVQKcWCiI0PzbbLog
2023-11-24 10:45:30,Avi,left,4h6rLRQt8ARN8xA6ZLnpiw
2023-11-24 10:47:40,Avi,left,2gAGWaK4wvt2xrFUlR4mK8
2023-11-24 10:49:45,Avi,left,47Slg6LuqLaX0VodpSCvPt
2023-11-24 10:52:06,Avi,left,5vnuJ8EopkP5dHukpOmT3L
2023-11-24 10:54:32,Avi,left,31rk2z6XreitvUgfJURMil
2023-11-24 10:56:39,Avi,left,4QhWbupniDd44EDtnh2bFJ
2023-11-24 10:59:18,Avi,left,4qYLPta5HZ36idWiXtqh7B
2023-11-24 11:01:54,Avi,left,7B3z0ySL9Rr0XvZEAjWZzM
2023-11-24 11:04:03,Avi,left,03ZkvqZOANKndGXfAAPywG
2023-11-24 11:06:19,Avi,left,29Hn3L56DQ6y7W249oVxqd
2023-11-24 11:08:50,Avi,left,0Y7crWWzWhHSN48eOdmXEZ
2023-11-24 11:11:12,Avi,left,1au2UduxcvHfa0fZS3Szci
2023-11-24 11:13:20,Avi,left,3QGsuHI8jO1Rx4JWLUh9jd
2023-11-24 11:15:52,Avi,left,2gHQ7upBrDEFOZZTO6ktbZ
2023-11-24 11:18:45,Avi,left,3UTjMW0VGksZ4kFHlfa3m6
2023-11-24 11:21:17,Avi,left,6xNkEcbvpPcdSOFKFXNpFL
2023-11-24 11:23:21,Avi,left,0KyAGiNGUytG5JLxJu4F6l
2023-11-24 11:25:54,Avi,left,0Ep9wqVQKcWCiI0PzbbLog
2023-11-24 11:28:42,Avi,left,0KyAGiNGUytG5JLxJu4F6l
2023-11-24 11:31:01,Avi,left,4mL25h2hl6gdyu9tNTudnI
2023-11-24 11:33:35,Avi,left,4IYKjN1DrYzxKXt0umJqsG
2023-11-24 11:36:15,Avi,left,4IYKjN1DrYzxKXt0umJqsG
2023-11-24 11:39:10,Avi,left,3OHfY25tqY28d16oZczHc8
2023-11-24 11:41:56,Avi,left,13YyYNBofurxZCNYiFDibB
2023-11-24 11:44:04,Avi,left,2tLH5EsewbZNvmWidJqzDF
2023-11-24 11:46:18,Avi,left,1h3qLl1QJfXlRppxMIcnfn
2023-11-24 11:49:04,Avi,left,7MAibcTli4IisCtbHKrGMh
2023-11-24 11:51:23,Avi,left,0qbP1p2jMDkCKXIanfmYtI
2023-11-24 12:32:36,Avi,left,0R0zZnqPg7yOWb4PRmW8nC
2023-11-24 12:35:00,Avi,left,7yNf9YjeO5JXUE3JEBgnYc
2023-11-24 13:30:33,Avi,left,1aTZLg2n88hMFMKJXQveig
2023-11-24 13:32:54,Avi,left,7yNf9YjeO5JXUE3JEBgnYc
2023-11-24 13:35:18,Avi,left,3iW3y326xuRpNVXzOMBZy5
2023-11-24 13:37:43,Avi,left,29Hn3L56DQ6y7W249oVxqd
2023-11-24 13:39:50,Avi,left,6olUplztLFFfU7fMYmFXOP
2023-11-24 13:42:09,Both,left,0GEYcEQvjY0lOVeALByDbu
2023-11-24 13:44:10,Both,left,5lcyIeEfwZTs8Ajw3kdF7P
2023-11-24 13:46:26,Both,left,4mL25h2hl6gdyu9tNTudnI
2023-11-24 13:49:22,Both,left,6K4t31amVTZDgR3sKmwUJJ
2023-11-24 13:52:10,Sarthak,left,26NyJM0Y3eXi4h07V7zQCC
2023-11-24 13:55:07,Sarthak,left,5vnuJ8EopkP5dHukpOmT3L
2023-11-24 13:57:09,Sarthak,left,0uG0JpNmXY6ldOUKUa6kq1
2023-11-24 13:59:40,Sarthak,left,37y7iDayfwm3WXn5BiAoRk
2023-11-24 14:02:28,Sarthak,left,17sPXQa8bT24ToCYHXuQXI
2023-11-24 14:05:23,Sarthak,left,78dswNVxn2Sgr7rIyuoNwa
2023-11-24 14:07:41,Sarthak,left,0Ep9wqVQKcWCiI0PzbbLog
2023-11-24 14:10:08,Sarthak,left,4rAg5bbrdZX00mXXhLvYXj
2023-11-24 14:12:48,Sarthak,left,33i3xxHB4YSYGYbtJrwwO8
2023-11-24 14:15:37,Sarthak,left,0KyAGiNGUytG5JLxJu4F6l
2023-11-24 14:18:23,Sarthak,left,4JNTpbntShpUpACDUzwHV5
2023-11-24 14:21:01,Sarthak,left,7MAibcTli4IisCtbHKrGMh
2023-11-24 15:10:34,Sarthak,left,15NQ3x1f2GUhqs8oBXhTqp
2023-11-24 15:13:05,Sarthak,left,6ieWL5CLN9WdC875guWtMe
2023-11-24 15:15:54,Sarthak,left,1aTZLg2n88hMFMKJXQveig
2023-11-24 15:18:04,Sarthak,left,75KFRFmcuGFkWlP0QAwFvq
2023-11-24 15:21:03,Sarthak,left,6VKNW0svDbddkdNDGAE0NY
2023-11-24 15:23:34,Sarthak,left,0pmTeBCjn4gRbg8HmQzxXr
2023-11-24 15:25:46,Sarthak,left,7yNf9YjeO5JXUE3JEBgnYc
2023-11-24 15:27:52,Sarthak,left,7yNf9YjeO5JXUE3JEBgnYc
2023-11-24 15:29:56,Sarthak,left,7B3z0ySL9Rr0XvZEAjWZzM
2023-11-24 15:31:56,Sarthak,left,7ytR5pFWmSjzHJIeQkgog4
2023-11-24 15:34:06,Sarthak,left,0R0zZnqPg7yOWb4PRmW8nC
2023-11-24 15:36:48,Sarthak,left,31rk2z6XreitvUgfJURMil
2023-11-24 15:38:50,Sarthak,left,75KFRFmcuGFkWlP0QAwFvq
2023-11-24 15:41:40,Sarthak,left,3UTjMW0VGksZ4kFHlfa3m6
2023-11-24 15:44:33,Sarthak,left,0GEYcEQvjY0lOVeALByDbu
2023-11-24 15:47:02,Sarthak,left,0R0zZnqPg7yOWb4PRmW8nC
2023-11-24 15:49:05,Sarthak,left,0pmTeBCjn4gRbg8HmQzxXr
2023-11-24 16:29:48,Sarthak,left,6R837L5prXTflEAD2GI6vX
2023-11-24 16:32:44,Sarthak,left,1Ke6bqdvdGJF1ftvuO8qtP
2023-11-24 16:35:09,Sarthak,left,1h3qLl1QJfXlRppxMIcnfn
2023-11-24 16:37:36,Sarthak,left,31zNgkbLt8McmjDrh6XKY9
2023-11-24 16:40:00,Sarthak,left,0Y7crWWzWhHSN48eOdmXEZ
2023-11-24 16:42:48,Sarthak,left,1HwbgJAU9PZ7YbzKgVgoIF
2023-11-24 16:45:04,Sarthak,left,13YyYNBofurxZCNYiFDibB
2023-11-24 16:47:25,Sarthak,left,3iW3y326xuRpNVXzOMBZy5
2023-11-24 16:49:43,Sarthak,left,7yNf9YjeO5JXUE3JEBgnYc
2023-11-24 16:52:37,Sarthak,left,7IdFdRlCjUi6kkhbPoRfnw
2023-11-24 16:55:16,Sarthak,left,1HwbgJAU9PZ7YbzKgVgoIF
2023-11-24 16:57:51,Sarthak,left,6ieWL5CLN9WdC875guWtMe
2023-11-24 17:50:58,Avi,right,35xSkNIXi504fcEwz9USRB
2023-11-24 18:43:18,Avi,right,4Ozmbn4LIW5WVZhhHuk1Gp
2023-11-24 18:46:13,Avi,right,73D5hBkiVZkopZrmBZTBWf
2023-11-24 18:48:21,Avi,right,35xSkNIXi504fcEwz9USRB
2023-11-24 18:51:18,Both,right,34xTFwjPQ1dC6uJmleno7x
2023-11-24 18:53:39,Both,right,7aSyG7cskkG3zhfO2JLxq3
2023-11-24 18:56:23,Both,right,1B04mWViAk7jcLEifYbvdi
2023-11-24 18:59:10,Both,right,2Uvy6SkNqxvnH1W68dymxG
2023-11-24 19:02:02,Both,right,2Uvy6SkNqxvnH1W68dymxG
2023-11-24 19:04:22,Both,right,7KZ5MMVgBVox9ycroB2UrI
2023-11-24 19:07:16,Both,right,34xTFwjPQ1dC6uJmleno7x
2023-11-24 19:10:14,Both,right,4QIo4oxwzzafcBWkKjDpXY
2023-11-24 19:12:51,Both,right,43zdsphuZLzwA9k4DJhU0I
2023-11-24 19:15:50,Both,right,1BViPjTT585XAhkUUrkts0
2023-11-24 19:18:25,Both,right,7LmkhaMCqsjppaYtAYhMaI
2023-11-24 19:20:48,Both,right,4Ozmbn4LIW5WVZhhHuk1Gp
2023-11-24 19:23:07,Both,right,78TTtXnFQPzwqlbtbwqN0y
2023-11-24 20:12:07,Both,right,01z2fBGB8Hl3Jd3zXe4IXR
2023-11-24 20:14:08,Both,right,2ZWlPOoWh0626oTaHrnl2a
2023-11-24 20:16:47,Both,right,78TTtXnFQPzwqlbtbwqN0y
2023-11-24 20:56:03,Both,right,3Tc57t9l2O8FwQZtQOvPXK
2023-11-24 20:58:55,Both,right,4Ozmbn4LIW5WVZhhHuk1Gp
2023-11-24 21:01:51,Both,right,6CcJMwBtXByIz4zQLzFkKc
2023-11-24 21:04:27,Both,right,16qYlQ6koFxYVbiJbGHblz
2023-11-24 21:06:49,Both,right,0f0gfm6wHjhqrBMHBn9Ajr
2023-11-24 21:09:15,Both,right,6CcJMwBtXByIz4zQLzFkKc
2023-11-24 21:11:51,Both,right,12dtBMOafWqGvjJhKxAJ7q
2023-11-24 21:14:40,Both,right,16qYlQ6koFxYVbiJbGHblz
2023-11-24 21:17:21,Both,right,40GRJBeHKroMtWwGX9EFyQ
2023-11-24 21:19:35,Both,right,4UKCKdYiLN6IMA5ZESUTL7
2023-11-24 21:22:03,Both,right,5GUYJTQap5F3RDQiCOJhrS
2023-11-24 21:24:28,Both,right,0j35X8cTq543QDYLOyqB8W
2023-11-24 21:27:20,Both,right,3ijXR4yXgN43eF54uK7oos
2023-11-24 21:29:50,Both,right,3s7MCdXyWmwjdcWh7GWXas
2023-11-24 21:32:17,Both,right,5QvBXUm5MglLJ3iBfTX2Wo
2023-11-24 21:34:39,Both,right,2ZWlPOoWh0626oTaHrnl2a
2023-11-24 21:37:31,Both,right,2ZWlPOoWh0626oTaHrnl2a
2023-11-24 21:39:51,Both,right,4Ozmbn4LIW5WVZhhHuk1Gp
2023-11-24 21:42:17,Both,right,1DWZUa5Mzf2BwzpHtgbHPY
2023-11-24 21:45:02,Both,right,1BViPjTT585XAhkUUrkts0
2023-11-24 21:47:04,Both,right,01z2fBGB8Hl3Jd3zXe4IXR
2023-11-24 21:49:32,Both,right,5QvBXUm5MglLJ3iBfTX2Wo
2023-11-24 21:52:14,Both,right,2LMkwUfqC6S6s6qDVlEuzV
2023-11-24 21:54:47,Both,right,3s7MCdXyWmwjdcWh7GWXas
2023-11-24 21:56:48,Both,right,0fl8Tsy98InF9qnM6vrZ60
2023-11-24 21:59:21,Both,right,35xSkNIXi504fcEwz9USRB
2023-11-24 22:01:27,Both,right,1DWZUa5Mzf2BwzpHtgbHPY
2023-11-24 22:03:31,Both,right,43zdsphuZLzwA9k4DJhU0I
2023-11-24 22:06:10,Both,right,5H4PU7wBIXL259apGjSpOr
2023-11-24 22:08:48,Both,right,7m9OqQk4RVRkw9JJdeAw96
2023-11-24 22:11:44,Both,right,3s7MCdXyWmwjdcWh7GWXas
2023-11-24 22:14:12,Both,right,0fl8Tsy98InF9qnM6vrZ60
2023-11-24 22:16:41,Both,right,12dtBMOafWqGvjJhKxAJ7q
2023-11-24 22:19:34,Both,right,3Tc57t9l2O8FwQZtQOvPXK
2023-11-24 22:22:25,Both,right,7LmkhaMCqsjppaYtAYhMaI
2023-11-24 23:09:53,Both,right,4Ozmbn4LIW5WVZhhHuk1Gp
2023-11-24 23:12:24,Both,right,2Uvy6SkNqxvnH1W68dymxG
2023-11-24 23:15:21,Both,right,3ZCTVFBt2Brf31RLEnCkWJ
2023-11-24 23:17:45,Both,right,3ZCTVFBt2Brf31RLEnCkWJ
2023-11-24 23:20:13,Both,right,0f0gfm6wHjhqrBMHBn9Ajr
2023-11-24 23:23:11,Both,right,2JUqYobT8NvARdPmc4ES2x
2023-11-24 23:26:02,Both,right,1BViPjTT585XAhkUUrkts0
2023-11-24 23:28:45,Both,right,7lUX7bNyCJZeSn0ZCvL0GW
2023-11-24 23:30:46,Both,right,40GRJBeHKroMtWwGX9EFyQ
2023-11-24 23:33:37,Both,right,3PbV3ocgAp3Xn0omGFC0cG
2023-11-24 23:35:56,Both,right,4YwNf1fLZt9IQhJeHNWfBi
2023-11-25 00:08:39,Both,right,3s7MCdXyWmwjdcWh7GWXas
2023-11-25 00:11:00,Both,right,7lUX7bNyCJZeSn0ZCvL0GW
2023-11-25 00:13:25,Sarthak,left,4Ozmbn4LIW5WVZhhHuk1Gp
2023-11-25 00:15:26,Sarthak,left,1B04mWViAk7jcLEifYbvdi
2023-11-25 00:17:59,Sarthak,left,0j35X8cTq543QDYLOyqB8W
2023-11-25 00:20:21,Sarthak,left,2JUqYobT8NvARdPmc4ES2x
2023-11-25 00:22:23,Sarthak,left,0yhxBvedRdGxsPZHJNI4VA
2023-11-25 00:24:54,Sarthak,left,7KZ5MMVgBVox9ycroB2UrI
2023-11-25 00:27:51,Sarthak,left,34xTFwjPQ1dC6uJmleno7x
2023-11-25 00:30:18,Sarthak,left,0f0gfm6wHjhqrBMHBn9Ajr
2023-11-25 00:32:43,Sarthak,left,2ZWlPOoWh0626oTaHrnl2a
2023-11-25 00:35:33,Sarthak,left,4Ozmbn4LIW5WVZhhHuk1Gp
2023-11-25 00:38:29,Sarthak,left,4QIo4oxwzzafcBWkKjDpXY
2023-11-25 00:41:11,Sarthak,left,5H4PU7wBIXL259apGjSpOr
2023-11-25 00:43:22,Avi,left,0f0gfm6wHjhqrBMHBn9Ajr
2023-11-25 00:46:12,Sarthak,right,0fl8Tsy98InF9qnM6vrZ60
2023-11-25 00:48:48,Sarthak,right,12dtBMOafWqGvjJhKxAJ7q
2023-11-25 00:51:09,Sarthak,right,3ZCTVFBt2Brf31RLEnCkWJ
2023-11-25 00:53:47,Sarthak,right,34xTFwjPQ1dC6uJmleno7x
2023-11-25 00:56:38,Sarthak,right,7fTEiF3rNCc8TDagCAXjhd
2023-11-25 00:58:46,Sarthak,right,3Fj47GNK2kUF0uaEDgXLaD
2023-11-25 09:07:15,Sarthak,right,7ytR5pFWmSjzHJIeQkgog4
2023-11-25 09:10:07,Sarthak,right,7yNf9YjeO5JXUE3JEBgnYc
2023-11-25 09:12:38,Sarthak,right,6VKNW0svDbddkdNDGAE0NY
2023-11-25 09:15:15,Sarthak,right,6ie2Bw3xLj2JcGowOlcMhb
2023-11-25 09:17:29,Sarthak,right,6s24LFkjo06wYVpxJppovm
2023-11-25 09:19:50,Sarthak,right,4iJyoBOLtHqaGxP12qzhQI
2023-11-25 10:15:09,Sarthak,right,6VKNW0svDbddkdNDGAE0NY
2023-11-25 10:17:48,Sarthak,right,4IYKjN1DrYzxKXt0umJqsG
2023-11-25 10:20:33,Sarthak,right,6VKNW0svDbddkdNDGAE0NY
2023-11-25 10:23:30,Sarthak,right,53y0PxHoy72RaSPkehY4zb
2023-11-25 10:25:41,Sarthak,right,6VrLYoQKdhu1Jruei06t65
2023-11-25 10:28:07,Sarthak,right,13YyYNBofurxZCNYiFDibB
2023-11-25 10:30:41,Sarthak,right,47Slg6LuqLaX0VodpSCvPt
2023-11-25 10:32:54,Avi,right,6VrLYoQKdhu1Jruei06t65
2023-11-25 10:34:55,Avi,right,5GO4rpfnM2lghVqEulTJUf
2023-11-25 10:36:59,Avi,right,4rAg5bbrdZX00mXXhLvYXj
2023-11-25 10:39:33,Avi,right,0uG0JpNmXY6ldOUKUa6kq1
2023-11-25 10:42:07,Avi,right,2mT9JUsS0TTYWLUx0Vvq92
2023-11-25 10:44:57,Avi,right,4rAg5bbrdZX00mXXhLvYXj
2023-11-25 10:47:06,Avi,right,1OCre7xil1ym1eXXC4rEM6
2023-11-25 10:49:23,Avi,right,0GEYcEQvjY0lOVeALByDbu
2023-11-25 10:51:33,Avi,right,0KyAGiNGUytG5JLxJu4F6l
2023-11-25 10:54:18,Avi,right,5vnuJ8EopkP5dHukpOmT3L
2023-11-25 10:57:15,Avi,right,1aTZLg2n88hMFMKJXQveig
2023-11-25 10:59:55,Avi,right,1zi7xx7UVEFkmKfv06H8x0
2023-11-25 11:02:39,Avi,right,2gAGWaK4wvt2xrFUlR4mK8
2023-11-25 11:05:07,Avi,right,4rAg5bbrdZX00mXXhLvYXj
2023-11-25 11:07:50,Avi,right,3w3y8KPTfNeOKPiqUTakBh
2023-11-25 11:09:53,Avi,right,31rk2z6XreitvUgfJURMil
2023-11-25 11:11:57,Avi,right,0Y7crWWzWhHSN48eOdmXEZ
2023-11-25 11:14:18,Avi,right,2gHQ7upBrDEFOZZTO6ktbZ
2023-11-25 11:16:34,Avi,right,2dOFYqJnQXlllhzzIbQtUP
2023-11-25 11:19:12,Avi,right,33i3xxHB4YSYGYbtJrwwO8
2023-11-25 11:21:25,Avi,right,2tLH5EsewbZNvmWidJqzDF
2023-11-25 11:23:42,Avi,right,0Ep9wqVQKcWCiI0PzbbLog
2023-11-25 11:25:48,Avi,right,3GZD6HmiNUhxXYf8Gch723
2023-11-25 11:28:45,Avi,right,3QGsuHI8jO1Rx4JWLUh9jd
2023-11-25 12:18:45,Avi,right,66Q3fAmSX5eHamgbKa9alP
2023-11-25 12:20:47,Avi,right,0R0zZnqPg7yOWb4PRmW8nC
2023-11-25 12:23:02,Avi,right,5GO4rpfnM2lghVqEulTJUf
2023-11-25 12:26:00,Avi,right,6R837L5prXTflEAD2GI6vX
2023-11-25 12:28:10,Avi,right,1TweDM3JC49LNeelLVg3yX
2023-11-25 12:30:32,Avi,right,7MAibcTli4IisCtbHKrGMh
2023-11-25 12:33:22,Both,left,53y0PxHoy72RaSPkehY4zb
2023-11-25 12:36:09,Both,left,31rk2z6XreitvUgfJURMil
2023-11-25 12:38:46,Both,left,17sPXQa8bT24ToCYHXuQXI
2023-11-25 12:41:16,Both,left,7yNf9YjeO5JXUE3JEBgnYc
2023-11-25 12:44:03,Both,left,1OCre7xil1ym1eXXC4rEM6
2023-11-25 12:46:35,Both,left,3QGsuHI8jO1Rx4JWLUh9jd
2023-11-25 12:48:52,Both,left,6ie2Bw3xLj2JcGowOlcMhb
2023-11-25 12:50:54,Both,left,13YyYNBofurxZCNYiFDibB
2023-11-25 12:53:52,Avi,right,5vnuJ8EopkP5dHukpOmT3L
2023-11-25 12:56:11,Avi,right,2PLOCIYlFr8XxNsz0Lgs4l
2023-11-25 12:58:33,Avi,right,33i3xxHB4YSYGYbtJrwwO8
2023-11-25 13:00:53,Avi,right,0pmTeBCjn4gRbg8HmQzxXr
2023-11-25 13:02:56,Avi,right,4h6rLRQt8ARN8xA6ZLnpiw
2023-11-25 13:05:53,Avi,right,4qYLPta5HZ36idWiXtqh7B
2023-11-25 13:08:22,Avi,right,7yNf9YjeO5JXUE3JEBgnYc
2023-11-25 13:10:59,Avi,right,6s24LFkjo06wYVpxJppovm
2023-11-25 13:13:03,Avi,right,1aTZLg2n88hMFMKJXQveig
2023-11-25 13:15:11,Avi,right,75KFRFmcuGFkWlP0QAwFvq
2023-11-25 13:17:12,Avi,right,29Hn3L56DQ6y7W249oVxqd
2023-11-25 13:19:49,Avi,right,2mT9JUsS0TTYWLUx0Vvq92
2023-11-25 13:22:39,Avi,right,0zLClc0emc6qUeV1p5nc99
2023-11-25 13:25:11,Avi,right,7bfHR7MgW9oAK4ZagZfViv
2023-11-25 13:27:19,Avi,right,4Gqh7XRuYd4TtFFqooSyrv
2023-11-25 13:30:01,Avi,right,6s24LFkjo06wYVpxJppovm
2023-11-25 13:32:45,Avi,right,0zLClc0emc6qUeV1p5nc99
2023-11-25 13:35:17,Avi,right,0uG0JpNmXY6ldOUKUa6kq1
2023-11-25 13:37:43,Avi,right,6VKNW0svDbddkdNDGAE0NY
2023-11-25 14:25:21,Avi,right,2tLH5EsewbZNvmWidJqzDF
2023-11-25 14:27:29,Avi,left,1au2UduxcvHfa0fZS3Szci
2023-11-25 14:30:28,Avi,left,5vnuJ8EopkP5dHukpOmT3L
2023-11-25 14:32:35,Avi,left,5vnuJ8EopkP5dHukpOmT3L
2023-11-25 14:35:12,Avi,left,3YJJjQPAbDT7mGpX3WtQ9A
2023-11-25 14:37:54,Avi,left,3OHfY25tqY28d16oZczHc8
2023-11-25 14:40:35,Avi,left,4QhWbupniDd44EDtnh2bFJ
2023-11-25 14:43:12,Avi,left,5lcyIeEfwZTs8Ajw3kdF7P
2023-11-25 14:45:24,Avi,left,1au2UduxcvHfa0fZS3Szci
2023-11-25 14:47:38,Avi,left,6xNkEcbvpPcdSOFKFXNpFL
2023-11-25 14:50:17,Both,left,3GZD6HmiNUhxXYf8Gch723
2023-11-25 14:53:06,Both,left,4qYLPta5HZ36idWiXtqh7B
2023-11-25 15:35:39,Both,left,6olUplztLFFfU7fMYmFXOP
2023-11-25 15:38:04,Both,left,0qbP1p2jMDkCKXIanfmYtI
2023-11-25 15:40:32,Both,left,1aTZLg2n88hMFMKJXQveig
2023-11-25 15:43:32,Both,left,29Hn3L56DQ6y7W249oVxqd
2023-11-25 16:26:30,Both,left,0msrDPXxZpts4FRnoX0bFr
2023-11-25 16:28:31,Both,left,1aTZLg2n88hMFMKJXQveig
2023-11-25 16:31:13,Both,left,0Y7crWWzWhHSN48eOdmXEZ
2023-11-25 16:33:27,Both,left,1OCre7xil1ym1eXXC4rEM6
2023-11-25 16:35:59,Both,left,4IYKjN1DrYzxKXt0umJqsG
2023-11-25 16:38:20,Both,left,3w3y8KPTfNeOKPiqUTakBh
2023-11-25 16:40:39,Both,left,7IdFdRlCjUi6kkhbPoRfnw
2023-11-25 16:42:44,Both,left,2tLH5EsewbZNvmWidJqzDF
2023-11-25 16:44:49,Both,left,13YyYNBofurxZCNYiFDibB
2023-11-25 16:47:40,Both,left,2dOFYqJnQXlllhzzIbQtUP
2023-11-25 16:50:22,Both,left,1au2UduxcvHfa0fZS3Szci
2023-11-25 16:52:48,Both,left,2mT9JUsS0TTYWLUx0Vvq92
2023-11-25 16:55:15,Both,left,6VKNW0svDbddkdNDGAE0NY
2023-11-25 16:58:06,Both,left,6ie2Bw3xLj2JcGowOlcMhb
2023-11-25 17:00:27,Both,left,01z2fBGB8Hl3Jd3zXe4IXR
2023-11-25 17:02:55,Sarthak,right,3ijXR4yXgN43eF54uK7oos
2023-11-25 17:05:06,Sarthak,right,5QvBXUm5MglLJ3iBfTX2Wo
2023-11-25 17:07:36,Sarthak,right,7aSyG7cskkG3zhfO2JLxq3
2023-11-25 17:10:12,Both,right,4YwNf1fLZt9IQhJeHNWfBi
2023-11-25 17:12:44,Both,right,7LmkhaMCqsjppaYtAYhMaI
2023-11-25 17:15:00,Both,right,7LmkhaMCqsjppaYtAYhMaI
2023-11-25 17:17:05,Both,right,35xSkNIXi504fcEwz9USRB
2023-11-25 17:19:39,Both,right,4YwNf1fLZt9IQhJeHNWfBi
2023-11-25 17:22:00,Both,right,4QIo4oxwzzafcBWkKjDpXY
2023-11-25 17:24:39,Both,right,0tMSssfxAL2oV8Vri0mFHE
2023-11-25 17:27:29,Both,right,4YwNf1fLZt9IQhJeHNWfBi
2023-11-25 17:29:52,Both,right,3Tc57t9l2O8FwQZtQOvPXK
2023-11-25 17:32:29,Both,right,16umSNZfofRpDqTvf8DIAo
2023-11-25 17:34:31,Both,right,2LMkwUfqC6S6s6qDVlEuzV
2023-11-25 17:36:33,Both,right,7lUX7bNyCJZeSn0ZCvL0GW
2023-11-25 17:38:58,Both,right,1BViPjTT585XAhkUUrkts0
2023-11-25 17:41:08,Both,right,0tMSssfxAL2oV8Vri0mFHE
2023-11-25 17:43:27,Both,right,0fl8Tsy98InF9qnM6vrZ60
2023-11-25 17:46:26,Both,right,7m9OqQk4RVRkw9JJdeAw96
2023-11-25 17:49:17,Both,right,2rXVtoLBHuXcNB5DVfIc9p
2023-11-25 17:51:23,Both,right,2JUqYobT8NvARdPmc4ES2x
2023-11-25 17:53:59,Both,right,16umSNZfofRpDqTvf8DIAo
2023-11-25 17:56:13,Both,right,5QvBXUm5MglLJ3iBfTX2Wo
2023-11-25 17:58:52,Both,right,3PbV3ocgAp3Xn0omGFC0cG
2023-11-25 18:01:52,Both,right,5H4PU7wBIXL259apGjSpOr
2023-11-25 18:04:06,Both,left,78TTtXnFQPzwqlbtbwqN0y
2023-11-25 18:06:42,Both,left,7fTEiF3rNCc8TDagCAXjhd
2023-11-25 18:09:32,Both,left,4UKCKdYiLN6IMA5ZESUTL7
2023-11-25 18:12:25,Both,left,5H4PU7wBIXL259apGjSpOr
2023-11-25 18:14:51,Both,left,7lUX7bNyCJZeSn0ZCvL0GW
2023-11-25 18:17:34,Both,left,16qYlQ6koFxYVbiJbGHblz
2023-11-25 18:19:50,Both,left,2ZWlPOoWh0626oTaHrnl2a
2023-11-25 18:21:57,Both,left,1B04mWViAk7jcLEifYbvdi
2023-11-25 19:09:53,Both,left,2ZWlPOoWh0626oTaHrnl2a
2023-11-25 19:12:06,Both,left,43zdsphuZLzwA9k4DJhU0I
2023-11-25 19:14:30,Both,left,6CcJMwBtXByIz4zQLzFkKc
2023-11-25 19:17:05,Both,left,35xSkNIXi504fcEwz9USRB
2023-11-25 19:19:09,Both,left,78TTtXnFQPzwqlbtbwqN0y
2023-11-25 19:21:57,Both,left,2JUqYobT8NvARdPmc4ES2x
2023-11-25 19:24:17,Both,left,3s7MCdXyWmwjdcWh7GWXas
2023-11-25 19:26:27,Both,left,2Uvy6SkNqxvnH1W68dymxG
2023-11-25 19:28:51,Both,left,3ZCTVFBt2Brf31RLEnCkWJ
2023-11-25 20:00:04,Both,right,43zdsphuZLzwA9k4DJhU0I
2023-11-25 20:02:05,Both,right,3PbV3ocgAp3Xn0omGFC0cG
2023-11-25 20:04:13,Both,right,5H4PU7wBIXL259apGjSpOr
2023-11-25 20:06:35,Both,right,16umSNZfofRpDqTvf8DIAo
2023-11-25 20:08:56,Both,right,3Tc57t9l2O8FwQZtQOvPXK
2023-11-25 20:11:26,Both,right,4SSnFejRGlZikf02HLewEF
2023-11-25 20:13:27,Both,right,1DWZUa5Mzf2BwzpHtgbHPY
2023-11-25 20:16:03,Both,right,1FBuBhNZ8dmjUBWR58UOQv
2023-11-25 20:18:04,Both,right,7KZ5MMVgBVox9ycroB2UrI
2023-11-25 20:20:34,Both,right,0tMSssfxAL2oV8Vri0mFHE
2023-11-25 21:06:49,Both,right,4YwNf1fLZt9IQhJeHNWfBi
2023-11-25 21:09:31,Both,right,6CcJMwBtXByIz4zQLzFkKc
2023-11-25 21:12:05,Both,right,2LMkwUfqC6S6s6qDVlEuzV
2023-11-25 21:14:23,Both,right,7aSyG7cskkG3zhfO2JLxq3
2023-11-25 21:16:46,Both,right,0fl8Tsy98InF9qnM6vrZ60
2023-11-25 21:19:33,Both,right,3Fj47GNK2kUF0uaEDgXLaD
2023-11-25 21:58:12,Both,right,0yhxBvedRdGxsPZHJNI4VA
2023-11-25 22:00:31,Both,right,4QIo4oxwzzafcBWkKjDpXY
2023-11-25 22:03:17,Both,right,12dtBMOafWqGvjJhKxAJ7q
2023-11-25 22:06:03,Both,right,1FBuBhNZ8dmjUBWR58UOQv
2023-11-25 22:08:31,Both,right,34xTFwjPQ1dC6uJmleno7x
2023-11-25 22:11:25,Both,right,2LMkwUfqC6S6s6qDVlEuzV
2023-11-25 22:13:28,Both,right,19YKaevk2bce4odJkP5L22
2023-11-25 22:15:51,Both,right,0fl8Tsy98InF9qnM6vrZ60
2023-11-25 22:18:20,Both,right,3PbV3ocgAp3Xn0omGFC0cG
2023-11-25 22:20:30,Both,right,2rXVtoLBHuXcNB5DVfIc9p
2023-11-25 22:22:43,Both,right,73D5hBkiVZkopZrmBZTBWf
2023-11-25 22:25:00,Both,right,2LMkwUfqC6S6s6qDVlEuzV
2023-11-25 22:27:28,Both,right,3Fj47GNK2kUF0uaEDgXLaD
2023-11-25 22:29:48,Both,right,1FBuBhNZ8dmjUBWR58UOQv
2023-11-25 22:32:10,Both,right,3PbV3ocgAp3Xn0omGFC0cG
2023-11-25 22:34:27,Both,right,16umSNZfofRpDqTvf8DIAo
2023-11-25 22:37:08,Both,right,4Ozmbn4LIW5WVZhhHuk1Gp
2023-11-25 22:39:14,Both,right,40GRJBeHKroMtWwGX9EFyQ
2023-11-25 22:41:51,Both,right,4Ozmbn4LIW5WVZhhHuk1Gp
2023-11-25 22:44:21,Both,right,73D5hBkiVZkopZrmBZTBWf
2023-11-25 22:47:02,Both,right,2rXVtoLBHuXcNB5DVfIc9p
2023-11-25 22:49:29,Both,right,5H4PU7wBIXL259apGjSpOr
2023-11-25 22:52:28,Both,right,2JUqYobT8NvARdPmc4ES2x
2023-11-25 22:55:04,Both,right,16umSNZfofRpDqTvf8DIAo
2023-11-25 22:57:31,Both,right,4QIo4oxwzzafcBWkKjDpXY
2023-11-25 23:00:25,Both,right,2Uvy6SkNqxvnH1W68dymxG
2023-11-25 23:03:09,Both,right,2ZWlPOoWh0626oTaHrnl2a
2023-11-25 23:05:13,Both,right,0j35X8cTq543QDYLOyqB8W
2023-11-25 23:07:35,Both,right,19YKaevk2bce4odJkP5L22
2023-11-25 23:10:01,Both,right,4SSnFejRGlZikf02HLewEF
2023-11-25 23:12:48,Both,right,35xSkNIXi504fcEwz9USRB
2023-11-25 23:15:47,Both,right,2Uvy6SkNqxvnH1W68dymxG
2023-11-25 23:17:58,Both,right,4Ozmbn4LIW5WVZhhHuk1Gp
2023-11-25 23:20:50,Both,right,3PbV3ocgAp3Xn0omGFC0cG
2023-11-25 23:23:45,Both,right,4QIo4oxwzzafcBWkKjDpXY
2023-11-25 23:26:38,Both,right,16umSNZfofRpDqTvf8DIAo
2023-11-25 23:29:27,Both,right,01z2fBGB8Hl3Jd3zXe4IXR
2023-11-25 23:32:16,Both,right,7aSyG7cskkG3zhfO2JLxq3
2023-11-25 23:34:53,Both,right,7m9OqQk4RVRkw9JJdeAw96
2023-11-25 23:37:06,Both,right,01z2fBGB8Hl3Jd3zXe4IXR
2023-11-25 23:39:07,Both,right,1FBuBhNZ8dmjUBWR58UOQv
2023-11-25 23:42:05,Both,right,1BViPjTT585XAhkUUrkts0
2023-11-25 23:44:55,Both,right,73D5hBkiVZkopZrmBZTBWf
2023-11-25 23:47:43,Both,right,73D5hBkiVZkopZrmBZTBWf
2023-11-25 23:49:48,Both,right,3Tc57t9l2O8FwQZtQOvPXK
2023-11-25 23:52:15,Both,right,3Fj47GNK2kUF0uaEDgXLaD
2023-11-25 23:54:34,Both,right,5H4PU7wBIXL259apGjSpOr
2023-11-25 23:56:41,Both,right,1FBuBhNZ8dmjUBWR58UOQv
2023-11-25 23:59:36,Both,right,01z2fBGB8Hl3Jd3zXe4IXR
2023-11-26 00:01:42,Both,right,4UKCKdYiLN6IMA5ZESUTL7
2023-11-26 00:04:16,Both,right,19YKaevk2bce4odJkP5L22
2023-11-26 00:07:14,Both,right,7lUX7bNyCJZeSn0ZCvL0GW
2023-11-26 00:09:42,Both,right,3Tc57t9l2O8FwQZtQOvPXK
2023-11-26 00:12:00,Both,right,5QvBXUm5MglLJ3iBfTX2Wo
2023-11-26 00:14:21,Both,right,0tMSssfxAL2oV8Vri0mFHE
2023-11-26 00:16:34,Both,right,5GUYJTQap5F3RDQiCOJhrS
2023-11-26 00:18:57,Both,right,2Uvy6SkNqxvnH1W68dymxG
2023-11-26 00:21:01,Both,right,3PbV3ocgAp3Xn0omGFC0cG
2023-11-26 00:23:01,Both,right,16qYlQ6koFxYVbiJbGHblz
2023-11-26 00:25:38,Both,right,1BViPjTT585XAhkUUrkts0
2023-11-26 00:27:52,Both,right,1BViPjTT585XAhkUUrkts0
2023-11-26 00:30:16,Both,right,01z2fBGB8Hl3Jd3zXe4IXR
2023-11-26 00:32:36,Both,right,7aSyG7cskkG3zhfO2JLxq3
2023-11-26 00:34:41,Both,right,34xTFwjPQ1dC6uJmleno7x
2023-11-26 00:37:31,Both,right,2JUqYobT8NvARdPmc4ES2x
2023-11-26 00:39:52,Both,right,2ZWlPOoWh0626oTaHrnl2a
2023-11-26 00:41:58,Both,right,1BViPjTT585XAhkUUrkts0
2023-11-26 00:44:25,Both,right,16qYlQ6koFxYVbiJbGHblz
2023-11-26 00:46:35,Both,right,4UKCKdYiLN6IMA5ZESUTL7
2023-11-26 00:48:37,Both,right,0fl8Tsy98InF9qnM6vrZ60
2023-11-26 00:51:34,Both,right,7LmkhaMCqsjppaYtAYhMaI
2023-11-26 00:53:58,Both,right,01z2fBGB8Hl3Jd3zXe4IXR
2023-11-26 00:56:36,Both,right,3PbV3ocgAp3Xn0omGFC0cG
2023-11-26 00:58:41,Both,right,3s7MCdXyWmwjdcWh7GWXas
2023-11-26 09:00:39,Both,right,0qbP1p2jMDkCKXIanfmYtI
2023-11-26 09:03:38,Both,right,1h3qLl1QJfXlRppxMIcnfn
2023-11-26 09:06:02,Both,right,1au2UduxcvHfa0fZS3Szci
2023-11-26 09:08:35,Both,right,0gR8HJmT457poShbgYXmV8
2023-11-26 09:11:26,Both,right,2mT9JUsS0TTYWLUx0Vvq92
2023-11-26 09:14:23,Both,right,66Q3fAmSX5eHamgbKa9alP
2023-11-26 09:16:46,Both,right,0qbP1p2jMDkCKXIanfmYtI
2023-11-26 09:19:15,Both,right,75KFRFmcuGFkWlP0QAwFvq
2023-11-26 09:22:14,Both,right,7bfHR7MgW9oAK4ZagZfViv
2023-11-26 09:25:04,Both,right,3UTjMW0VGksZ4kFHlfa3m6
2023-11-26 09:27:37,Both,right,78dswNVxn2Sgr7rIyuoNwa
2023-11-26 09:29:39,Both,right,6VKNW0svDbddkdNDGAE0NY
2023-11-26 09:32:21,Both,right,2gHQ7upBrDEFOZZTO6ktbZ
2023-11-26 09:34:40,Both,right,0Ep9wqVQKcWCiI0PzbbLog
2023-11-26 09:37:21,Both,right,7B3z0ySL9Rr0XvZEAjWZzM
2023-11-26 09:40:19,Both,right,66Q3fAmSX5eHamgbKa9alP
2023-11-26 09:42:59,Both,right,33i3xxHB4YSYGYbtJrwwO8
2023-11-26 09:45:40,Both,right,4rAg5bbrdZX00mXXhLvYXj
2023-11-26 09:48:19,Both,right,3QGsuHI8jO1Rx4JWLUh9jd
2023-11-26 09:51:15,Both,right,29Hn3L56DQ6y7W249oVxqd
2023-11-26 09:53:29,Both,right,2dOFYqJnQXlllhzzIbQtUP
2023-11-26 09:56:15,Avi,right,0R0zZnqPg7yOWb4PRmW8nC
2023-11-26 09:58:46,Avi,right,2PLOCIYlFr8XxNsz0Lgs4l
2023-11-26 10:01:17,Avi,right,3GZD6HmiNUhxXYf8Gch723
2023-11-26 10:03:55,Avi,right,0R0zZnqPg7yOWb4PRmW8nC
2023-11-26 10:06:36,Avi,right,6xNkEcbvpPcdSOFKFXNpFL
2023-11-26 10:09:18,Avi,right,4rAg5bbrdZX00mXXhLvYXj
2023-11-26 10:11:35,Avi,right,1zi7xx7UVEFkmKfv06H8x0
2023-11-26 10:13:41,Avi,right,1h3qLl1QJfXlRppxMIcnfn
2023-11-26 10:16:11,Avi,right,6s24LFkjo06wYVpxJppovm
2023-11-26 10:18:47,Avi,right,6ie2Bw3xLj2JcGowOlcMhb
2023-11-26 10:20:53,Avi,right,6xNkEcbvpPcdSOFKFXNpFL
2023-11-26 10:23:34,Avi,right,6s24LFkjo06wYVpxJppovm
2023-11-26 10:25:52,Avi,right,26NyJM0Y3eXi4h07V7zQCC
2023-11-26 10:28:24,Avi,right,29Hn3L56DQ6y7W249oVxqd
2023-11-26 10:30:26,Avi,right,53y0PxHoy72RaSPkehY4zb
2023-11-26 11:03:04,Avi,right,31rk2z6XreitvUgfJURMil
2023-11-26 11:05:32,Avi,right,3QGsuHI8jO1Rx4JWLUh9jd
2023-11-26 11:08:18,Avi,right,5EYi2rH4LYs6M21ZLOyQTx
2023-11-26 11:10:33,Avi,right,6aFd1esUS1xj7WrpryNUtr
2023-11-26 11:12:37,Avi,right,3w3y8KPTfNeOKPiqUTakBh
2023-11-26 11:15:33,Avi,right,5GO4rpfnM2lghVqEulTJUf
2023-11-26 11:17:43,Avi,right,7yNf9YjeO5JXUE3JEBgnYc
2023-11-26 11:19:57,Avi,right,2gHQ7upBrDEFOZZTO6ktbZ
2023-11-26 11:22:11,Avi,right,37y7iDayfwm3WXn5BiAoRk
2023-11-26 11:24:15,Avi,right,5EYi2rH4LYs6M21ZLOyQTx
2023-11-26 11:26:27,Avi,right,0pmTeBCjn4gRbg8HmQzxXr
2023-11-26 11:29:16,Avi,right,1au2UduxcvHfa0fZS3Szci
2023-11-26 11:32:10,Avi,right,7MAibcTli4IisCtbHKrGMh
2023-11-26 11:34:27,Avi,right,0qbP1p2jMDkCKXIanfmYtI
2023-11-26 11:37:19,Avi,right,0pmTeBCjn4gRbg8HmQzxXr
2023-11-26 11:39:47,Avi,right,31zNgkbLt8McmjDrh6XKY9
2023-11-26 11:42:26,Avi,right,6aFd1esUS1xj7WrpryNUtr
2023-11-26 11:45:08,Avi,right,7B3z0ySL9Rr0XvZEAjWZzM
2023-11-26 12:43:32,Avi,right,03ZkvqZOANKndGXfAAPywG
2023-11-26 12:45:49,Avi,right,6s24LFkjo06wYVpxJppovm
2023-11-26 13:40:28,Avi,right,2tLH5EsewbZNvmWidJqzDF
2023-11-26 13:42:48,Avi,right,4LKSaRoKNnlpKXTT663BrT
2023-11-26 14:16:55,Avi,right,0KyAGiNGUytG5JLxJu4F6l
2023-11-26 14:19:51,Avi,right,4rAg5bbrdZX00mXXhLvYXj
2023-11-26 14:22:41,Avi,right,6VrLYoQKdhu1Jruei06t65
2023-11-26 14:24:58,Avi,right,1OCre7xil1ym1eXXC4rEM6
2023-11-26 14:26:58,Avi,right,6s24LFkjo06wYVpxJppovm
2023-11-26 14:29:41,Avi,right,0M3HkE321xpCbCYqVKzr1q
2023-11-26 14:31:54,Avi,right,7yNf9YjeO5JXUE3JEBgnYc
2023-11-26 14:34:11,Avi,right,3QGsuHI8jO1Rx4JWLUh9jd
2023-11-26 14:36:51,Avi,right,7IdFdRlCjUi6kkhbPoRfnw
2023-11-26 14:38:56,Avi,right,7IdFdRlCjUi6kkhbPoRfnw
2023-11-26 14:41:07,Avi,right,4rAg5bbrdZX00mXXhLvYXj
2023-11-26 14:43:08,Avi,right,4rAg5bbrdZX00mXXhLvYXj
2023-11-26 14:45:45,Avi,right,33i3xxHB4YSYGYbtJrwwO8
2023-11-26 14:47:47,Avi,right,7IdFdRlCjUi6kkhbPoRfnw
2023-11-26 14:50:47,Avi,right,0KyAGiNGUytG5JLxJu4F6l
2023-11-26 14:52:55,Avi,right,33i3xxHB4YSYGYbtJrwwO8
2023-11-26 14:55:03,Avi,right,7B3z0ySL9Rr0XvZEAjWZzM
2023-11-26 14:57:26,Avi,right,7B3z0ySL9Rr0XvZEAjWZzM
2023-11-26 15:00:10,Avi,right,1Ke6bqdvdGJF1ftvuO8qtP
2023-11-26 15:02:52,Avi,right,4qYLPta5HZ36idWiXtqh7B
2023-11-26 15:05:46,Avi,right,0Ep9wqVQKcWCiI0PzbbLog
2023-11-26 15:08:34,Avi,right,3UTjMW0VGksZ4kFHlfa3m6
2023-11-26 15:11:16,Sarthak,right,0Ep9wqVQKcWCiI0PzbbLog
2023-11-26 15:13:29,Sarthak,right,2dOFYqJnQXlllhzzIbQtUP
2023-11-26 15:16:20,Sarthak,right,0zLClc0emc6qUeV1p5nc99
2023-11-26 15:18:38,Sarthak,right,6VrLYoQKdhu1Jruei06t65
2023-11-26 15:21:18,Sarthak,right,17sPXQa8bT24ToCYHXuQXI
2023-11-26 15:24:16,Sarthak,right,0GEYcEQvjY0lOVeALByDbu
2023-11-26 15:26:38,Sarthak,right,7IdFdRlCjUi6kkhbPoRfnw
2023-11-26 15:29:29,Sarthak,right,3YJJjQPAbDT7mGpX3WtQ9A
2023-11-26 15:32:21,Sarthak,right,3HgA5R5alihocnOYE9ihpS
2023-11-26 15:34:45,Sarthak,right,5vnuJ8EopkP5dHukpOmT3L
2023-11-26 15:37:09,Sarthak,right,2PLOCIYlFr8XxNsz0Lgs4l
2023-11-26 15:39:55,Sarthak,right,4LKSaRoKNnlpKXTT663BrT
2023-11-26 15:41:56,Sarthak,right,1Ke6bqdvdGJF1ftvuO8qtP
2023-11-26 15:44:35,Sarthak,right,0GEYcEQvjY0lOVeALByDbu
2023-11-26 15:46:50,Sarthak,right,2gHQ7upBrDEFOZZTO6ktbZ
2023-11-26 15:49:44,Both,right,6ieWL5CLN9WdC875guWtMe
2023-11-26 15:51:46,Both,right,6aFd1esUS1xj7WrpryNUtr
2023-11-26 15:53:55,Both,right,1Ke6bqdvdGJF1ftvuO8qtP
2023-11-26 15:56:34,Both,right,4iJyoBOLtHqaGxP12qzhQI
2023-11-26 15:59:09,Both,right,0Ep9wqVQKcWCiI0PzbbLog
2023-11-26 16:01:32,Both,right,2mT9JUsS0TTYWLUx0Vvq92
2023-11-26 16:04:01,Both,right,78dswNVxn2Sgr7rIyuoNwa
2023-11-26 16:06:16,Both,right,0GEYcEQvjY0lOVeALByDbu
2023-11-26 16:08:57,Both,right,3GZD6HmiNUhxXYf8Gch723
2023-11-26 16:11:41,Both,right,2tLH5EsewbZNvmWidJqzDF
2023-11-26 16:14:41,Both,right,1Ke6bqdvdGJF1ftvuO8qtP
2023-11-26 16:16:52,Both,right,1Ke6bqdvdGJF1ftvuO8qtP
2023-11-26 16:19:48,Both,right,0R0zZnqPg7yOWb4PRmW8nC
2023-11-26 16:22:15,Both,right,6K4t31amVTZDgR3sKmwUJJ
2023-11-26 16:25:05,Both,right,4mL25h2hl6gdyu9tNTudnI
2023-11-26 16:27:36,Both,right,4QhWbupniDd44EDtnh2bFJ
2023-11-26 16:30:04,Both,right,5JRMqkR82k2fdDEAim9SCN
2023-11-26 16:32:23,Both,right,6VKNW0svDbddkdNDGAE0NY
2023-11-26 16:35:21,Both,right,3YJJjQPAbDT7mGpX3WtQ9A
2023-11-26 16:37:58,Both,right,1zi7xx7UVEFkmKfv06H8x0
2023-11-26 17:08:47,Both,right,0f0gfm6wHjhqrBMHBn9Ajr
2023-11-26 17:11:16,Both,right,5GUYJTQap5F3RDQiCOJhrS
2023-11-26 17:14:14,Both,right,16qYlQ6koFxYVbiJbGHblz
2023-11-26 17:16:55,Both,right,16qYlQ6koFxYVbiJbGHblz
2023-11-26 17:19:32,Both,right,0tMSssfxAL2oV8Vri0mFHE
2023-11-26 17:21:36,Both,right,5QvBXUm5MglLJ3iBfTX2Wo
2023-11-26 17:24:35,Both,right,3ijXR4yXgN43eF54uK7oos
2023-11-26 17:26:42,Both,right,3ijXR4yXgN43eF54uK7oos
2023-11-26 17:29:06,Both,right,2LMkwUfqC6S6s6qDVlEuzV
2023-11-26 17:31:42,Both,right,78TTtXnFQPzwqlbtbwqN0y
2023-11-26 17:34:14,Both,right,0j35X8cTq543QDYLOyqB8W
2023-11-26 17:36:35,Both,right,01z2fBGB8Hl3Jd3zXe4IXR
2023-11-26 17:39:07,Both,right,35xSkNIXi504fcEwz9USRB
2023-11-26 17:42:01,Both,right,0j35X8cTq543QDYLOyqB8W
2023-11-26 17:44:05,Both,right,01z2fBGB8Hl3Jd3zXe4IXR
2023-11-26 17:46:18,Both,right,6CcJMwBtXByIz4zQLzFkKc
2023-11-26 17:48:52,Both,right,0j35X8cTq543QDYLOyqB8W
2023-11-26 17:51:44,Both,right,0fl8Tsy98InF9qnM6vrZ60
2023-11-26 17:54:02,Both,right,3ZCTVFBt2Brf31RLEnCkWJ
2023-11-26 17:56:45,Both,right,35xSkNIXi504fcEwz9USRB
2023-11-26 17:59:04,Both,right,16umSNZfofRpDqTvf8DIAo
2023-11-26 18:01:53,Both,right,1BViPjTT585XAhkUUrkts0
2023-11-26 19:01:13,Both,right,5GUYJTQap5F3RDQiCOJhrS
2023-11-26 19:03:14,Both,right,6CcJMwBtXByIz4zQLzFkKc
2023-11-26 19:06:11,Both,right,01z2fBGB8Hl3Jd3zXe4IXR
2023-11-26 19:08:36,Both,right,0tMSssfxAL2oV8Vri0mFHE
2023-11-26 19:11:27,Both,right,4Ozmbn4LIW5WVZhhHuk1Gp
2023-11-26 19:13:35,Both,right,1FBuBhNZ8dmjUBWR58UOQv
2023-11-26 19:16:18,Both,right,5H4PU7wBIXL259apGjSpOr
2023-11-26 19:18:33,Both,right,43zdsphuZLzwA9k4DJhU0I
2023-11-26 19:21:10,Both,right,7fTEiF3rNCc8TDagCAXjhd
2023-11-26 19:23:49,Both,right,4Ozmbn4LIW5WVZhhHuk1Gp
2023-11-26 19:26:43,Both,right,7m9OqQk4RVRkw9JJdeAw96
2023-11-26 19:29:14,Both,right,4xR3MAscflQ262kMeiKshQ
2023-11-26 19:31:16,Both,right,1DWZUa5Mzf2BwzpHtgbHPY
2023-11-26 19:33:43,Both,right,4Ozmbn4LIW5WVZhhHuk1Gp
2023-11-26 19:36:39,Both,right,3PbV3ocgAp3Xn0omGFC0cG
2023-11-26 19:38:58,Both,right,16qYlQ6koFxYVbiJbGHblz
2023-11-26 19:40:58,Both,right,1B04mWViAk7jcLEifYbvdi
2023-11-26 20:19:59,Both,right,35xSkNIXi504fcEwz9USRB
2023-11-26 20:22:34,Both,right,7aSyG7cskkG3zhfO2JLxq3
2023-11-26 20:25:20,Both,right,7LmkhaMCqsjppaYtAYhMaI
2023-11-26 20:27:42,Both,right,01z2fBGB8Hl3Jd3zXe4IXR
2023-11-26 20:30:00,Both,right,7KZ5MMVgBVox9ycroB2UrI
2023-11-26 20:32:30,Both,right,0f0gfm6wHjhqrBMHBn9Ajr
2023-11-26 20:35:28,Both,right,19YKaevk2bce4odJkP5L22
2023-11-26 20:37:58,Both,right,4QIo4oxwzzafcBWkKjDpXY
2023-11-26 21:25:02,Both,right,0j35X8cTq543QDYLOyqB8W
2023-11-26 21:27:18,Both,right,5GUYJTQap5F3RDQiCOJhrS
2023-11-26 22:09:47,Both,right,1DWZUa5Mzf2BwzpHtgbHPY
2023-11-26 22:12:27,Both,right,0j35X8cTq543QDYLOyqB8W
2023-11-26 22:15:05,Both,right,0yhxBvedRdGxsPZHJNI4VA
2023-11-26 22:17:17,Both,right,16umSNZfofRpDqTvf8DIAo
2023-11-26 22:20:10,Both,right,3ijXR4yXgN43eF54uK7oos
2023-11-26 22:23:06,Both,right,0j35X8cTq543QDYLOyqB8W
2023-11-26 22:25:09,Both,right,2Uvy6SkNqxvnH1W68dymxG
2023-11-26 22:27:45,Both,right,7m9OqQk4RVRkw9JJdeAw96
2023-11-26 22:29:48,Both,right,3Fj47GNK2kUF0uaEDgXLaD
2023-11-26 22:31:59,Both,right,7KZ5MMVgBVox9ycroB2UrI
2023-11-26 22:34:19,Both,right,4UKCKdYiLN6IMA5ZESUTL7
2023-11-26 22:37:00,Both,right,4xR3MAscflQ262kMeiKshQ
2023-11-26 22:39:06,Both,right,3s7MCdXyWmwjdcWh7GWXas
2023-11-26 22:41:13,Both,right,5H4PU7wBIXL259apGjSpOr
2023-11-26 22:43:17,Both,right,1FBuBhNZ8dmjUBWR58UOQv
2023-11-26 22:45:36,Both,right,01z2fBGB8Hl3Jd3zXe4IXR
2023-11-26 22:48:10,Both,right,3PbV3ocgAp3Xn0omGFC0cG
2023-11-26 22:50:21,Both,right,4xR3MAscflQ262kMeiKshQ
2023-11-26 22:52:31,Both,right,4SSnFejRGlZikf02HLewEF
2023-11-26 22:55:29,Both,right,7fTEiF3rNCc8TDagCAXjhd
2023-11-26 23:33:49,Both,right,34xTFwjPQ1dC6uJmleno7x
2023-11-26 23:36:33,Both,right,0fl8Tsy98InF9qnM6vrZ60
2023-11-26 23:38:41,Both,right,3Fj47GNK2kUF0uaEDgXLaD
2023-11-26 23:41:04,Both,right,0yhxBvedRdGxsPZHJNI4VA
2023-11-26 23:43:48,Both,right,2LMkwUfqC6S6s6qDVlEuzV
2023-11-26 23:46:32,Both,right,7fTEiF3rNCc8TDagCAXjhd
2023-11-26 23:48:50,Both,right,2JUqYobT8NvARdPmc4ES2x
2023-11-26 23:51:10,Both,right,78TTtXnFQPzwqlbtbwqN0y
2023-11-26 23:53:59,Both,right,2rXVtoLBHuXcNB5DVfIc9p
2023-11-26 23:56:16,Both,right,7m9OqQk4RVRkw9JJdeAw96
2023-11-26 23:58:47,Both,right,4Ozmbn4LIW5WVZhhHuk1Gp
2023-11-27 00:01:17,Both,right,3PbV3ocgAp3Xn0omGFC0cG
2023-11-27 00:03:52,Both,right,4YwNf1fLZt9IQhJeHNWfBi
2023-11-27 00:06:29,Both,right,16qYlQ6koFxYVbiJbGHblz
2023-11-27 00:09:04,Both,right,1BViPjTT585XAhkUUrkts0
2023-11-27 00:11:50,Both,right,1B04mWViAk7jcLEifYbvdi
2023-11-27 00:14:33,Both,right,34xTFwjPQ1dC6uJmleno7x
2023-11-27 00:16:38,Both,right,0tMSssfxAL2oV8Vri0mFHE
2023-11-27 00:19:18,Both,right,3Tc57t9l2O8FwQZtQOvPXK
2023-11-27 00:21:31,Both,right,2JUqYobT8NvARdPmc4ES2x
2023-11-27 00:24:04,Both,right,1BViPjTT585XAhkUUrkts0
2023-11-27 09:04:14,Avi,left,1h3qLl1QJfXlRppxMIcnfn
2023-11-27 09:06:35,Avi,left,4LKSaRoKNnlpKXTT663BrT
2023-11-27 09:08:42,Avi,left,0M3HkE321xpCbCYqVKzr1q
2023-11-27 09:11:24,Avi,left,5EYi2rH4LYs6M21ZLOyQTx
2023-11-27 09:14:13,Avi,left,5vnuJ8EopkP5dHukpOmT3L
2023-11-27 09:16:13,Avi,left,4rAg5bbrdZX00mXXhLvYXj
2023-11-27 09:18:26,Avi,left,2mT9JUsS0TTYWLUx0Vvq92
2023-11-27 09:20:39,Avi,right,1HwbgJAU9PZ7YbzKgVgoIF
2023-11-27 10:13:20,Avi,right,26NyJM0Y3eXi4h07V7zQCC
2023-11-27 10:16:13,Avi,right,4LKSaRoKNnlpKXTT663BrT
2023-11-27 10:19:11,Avi,right,2gHQ7upBrDEFOZZTO6ktbZ
2023-11-27 10:21:43,Avi,right,1Ke6bqdvdGJF1ftvuO8qtP
2023-11-27 10:23:50,Avi,right,2tLH5EsewbZNvmWidJqzDF
2023-11-27 10:26:17,Avi,right,29Hn3L56DQ6y7W249oVxqd
2023-11-27 10:28:22,Avi,right,6VKNW0svDbddkdNDGAE0NY
2023-11-27 10:31:11,Avi,right,2PLOCIYlFr8XxNsz0Lgs4l
2023-11-27 10:33:32,Avi,right,31rk2z6XreitvUgfJURMil
2023-11-27 10:36:06,Avi,right,1HwbgJAU9PZ7YbzKgVgoIF
2023-11-27 10:38:30,Avi,right,2PLOCIYlFr8XxNsz0Lgs4l
2023-11-27 10:41:07,Avi,right,6ie2Bw3xLj2JcGowOlcMhb
2023-11-27 10:43:11,Avi,right,0Ep9wqVQKcWCiI0PzbbLog
2023-11-27 10:45:21,Avi,right,2gHQ7upBrDEFOZZTO6ktbZ
2023-11-27 10:47:58,Avi,right,66Q3fAmSX5eHamgbKa9alP
2023-11-27 10:50:20,Avi,right,3QGsuHI8jO1Rx4JWLUh9jd
2023-11-27 10:52:54,Avi,right,0KyAGiNGUytG5JLxJu4F6l
2023-11-27 11:43:29,Avi,right,4Gqh7XRuYd4TtFFqooSyrv
2023-11-27 11:46:16,Avi,right,6s24LFkjo06wYVpxJppovm
2023-11-27 11:49:03,Avi,right,6s24LFkjo06wYVpxJppovm
2023-11-27 11:51:29,Avi,right,6olUplztLFFfU7fMYmFXOP
2023-11-27 11:53:43,Avi,right,1h3qLl1QJfXlRppxMIcnfn
2023-11-27 11:55:59,Avi,right,4h6rLRQt8ARN8xA6ZLnpiw
2023-11-27 11:58:06,Avi,right,6R837L5prXTflEAD2GI6vX
2023-11-27 12:01:04,Avi,right,15NQ3x1f2GUhqs8oBXhTqp
2023-11-27 12:03:10,Avi,right,78dswNVxn2Sgr7rIyuoNwa
2023-11-27 12:05:29,Avi,right,4qYLPta5HZ36idWiXtqh7B
2023-11-27 12:07:32,Avi,right,3OHfY25tqY28d16oZczHc8
2023-11-27 12:10:11,Avi,right,78dswNVxn2Sgr7rIyuoNwa
2023-11-27 12:13:11,Avi,right,7yNf9YjeO5JXUE3JEBgnYc
2023-11-27 12:15:32,Avi,right,7ytR5pFWmSjzHJIeQkgog4
2023-11-27 12:17:51,Avi,right,78dswNVxn2Sgr7rIyuoNwa
2023-11-27 12:20:08,Avi,right,6s24LFkjo06wYVpxJppovm
2023-11-27 12:22:44,Avi,right,1TweDM3JC49LNeelLVg3yX
2023-11-27 12:25:41,Avi,right,3GZD6HmiNUhxXYf8Gch723
2023-11-27 12:28:21,Avi,right,3GZD6HmiNUhxXYf8Gch723
2023-11-27 12:30:33,Avi,right,0R0zZnqPg7yOWb4PRmW8nC
2023-11-27 12:32:42,Avi,right,6VKNW0svDbddkdNDGAE0NY
2023-11-27 12:35:00,Avi,right,6s24LFkjo06wYVpxJppovm
2023-11-27 12:37:43,Avi,right,6ie2Bw3xLj2JcGowOlcMhb
2023-11-27 12:40:18,Avi,right,2gHQ7upBrDEFOZZTO6ktbZ
2023-11-27 12:42:54,Avi,right,1HwbgJAU9PZ7YbzKgVgoIF
2023-11-27 13:23:44,Avi,right,6K4t31amVTZDgR3sKmwUJJ
